country,continent,year,population,life_expectancy,gdp_per_capita
Afghanistan,Asia,1952,8425333,28.801,779.4
Afghanistan,Asia,1957,9240934,30.332,820.9
Afghanistan,Asia,1962,10267083,31.997,853.1
Afghanistan,Asia,1967,11537966,34.02,836.2
Afghanistan,Asia,1972,13079460,36.088,740.0
Afghanistan,Asia,1977,14880372,38.438,786.1
Afghanistan,Asia,1982,12881816,39.854,978.0
Afghanistan,Asia,1987,13867957,40.822,852.4
Afghanistan,Asia,1992,16317921,41.674,649.3
Afghanistan,Asia,1997,22227415,41.763,635.3
Afghanistan,Asia,2002,25268405,42.129,726.7
Afghanistan,Asia,2007,31889923,43.828,974.6
Albania,Europe,1952,1282697,55.23,1601.1
Albania,Europe,1957,1476505,59.28,1942.3
Albania,Europe,1962,1728137,64.82,2312.9
Albania,Europe,1967,1984060,66.22,2760.2
Albania,Europe,1972,2263554,67.69,3313.4
Albania,Europe,1977,2509048,68.93,3533.0
Albania,Europe,1982,2780097,70.42,3630.9
Albania,Europe,1987,3075321,72.0,3738.9
Albania,Europe,1992,3326498,71.581,2497.4
Albania,Europe,1997,3428038,72.95,3193.1
Albania,Europe,2002,3508512,75.651,4604.2
Albania,Europe,2007,3600523,76.423,5937.0
Algeria,Africa,1952,9279525,43.077,2449.0
Algeria,Africa,1957,10270856,45.685,3014.0
Algeria,Africa,1962,11000948,48.303,2550.8
Algeria,Africa,1967,12760499,51.407,3247.0
Algeria,Africa,1972,14760787,54.518,4182.7
Algeria,Africa,1977,17152804,58.014,4910.4
Algeria,Africa,1982,20033753,61.368,5745.2
Algeria,Africa,1987,23254956,65.799,5681.4
Algeria,Africa,1992,26298373,67.744,5023.2
Algeria,Africa,1997,29072015,69.152,4797.3
Algeria,Africa,2002,31287142,70.994,5288.0
Algeria,Africa,2007,33333216,72.301,6223.4
Angola,Africa,1952,4232095,30.015,3520.6
Angola,Africa,1957,4561361,31.999,3827.9
Angola,Africa,1962,4826015,34.0,4269.3
Angola,Africa,1967,5247469,35.985,5522.8
Angola,Africa,1972,5894858,37.928,5473.3
Angola,Africa,1977,6162675,39.483,3008.6
Angola,Africa,1982,7016384,39.942,2757.0
Angola,Africa,1987,7874230,39.906,2430.2
Angola,Africa,1992,8735988,40.647,2627.8
Angola,Africa,1997,9875024,40.963,2277.1
Angola,Africa,2002,10866106,41.003,2773.3
Angola,Africa,2007,12420476,42.731,4797.2
Argentina,Americas,1952,17876956,62.485,5911.3
Argentina,Americas,1957,19610538,64.399,6856.9
Argentina,Americas,1962,21283783,65.142,7133.2
Argentina,Americas,1967,22934225,65.634,8053.0
Argentina,Americas,1972,24779799,67.065,9443.0
Argentina,Americas,1977,26983828,68.481,10079.0
Argentina,Americas,1982,29341374,69.942,8997.9
Argentina,Americas,1987,31620918,70.774,9139.7
Argentina,Americas,1992,33958947,71.868,9308.4
Argentina,Americas,1997,36203463,73.275,10967.3
Argentina,Americas,2002,38331121,74.34,8797.6
Argentina,Americas,2007,40301927,75.32,12779.4
Australia,Oceania,1952,8691212,69.12,10039.6
Australia,Oceania,1957,9712569,70.33,10949.6
Australia,Oceania,1962,10794968,70.93,12217.2
Australia,Oceania,1967,11872264,71.1,14526.1
Australia,Oceania,1972,13177000,71.93,16788.6
Australia,Oceania,1977,14074100,73.49,18334.2
Australia,Oceania,1982,15184200,74.74,19477.0
Australia,Oceania,1987,16257249,76.32,21888.9
Australia,Oceania,1992,17481977,77.56,23424.8
Australia,Oceania,1997,18565243,78.83,26997.9
Australia,Oceania,2002,19546792,80.37,30687.8
Australia,Oceania,2007,20434176,81.235,34435.4
Austria,Europe,1952,6927772,66.8,6137.1
Austria,Europe,1957,6965860,67.48,8842.6
Austria,Europe,1962,7129864,69.54,10750.7
Austria,Europe,1967,7376998,70.14,12834.6
Austria,Europe,1972,7544201,70.63,16661.6
Austria,Europe,1977,7568430,72.17,19749.4
Austria,Europe,1982,7574613,73.18,21597.1
Austria,Europe,1987,7578903,74.94,23687.8
Austria,Europe,1992,7914969,76.04,27042.0
Austria,Europe,1997,8069876,77.51,29095.9
Austria,Europe,2002,8148312,78.98,32417.6
Austria,Europe,2007,8199783,79.829,36126.5
Bahrain,Asia,1952,120447,50.939,9867.1
Bahrain,Asia,1957,138655,53.832,11635.8
Bahrain,Asia,1962,171863,56.923,12753.3
Bahrain,Asia,1967,202182,59.923,14804.7
Bahrain,Asia,1972,230800,63.3,18268.7
Bahrain,Asia,1977,297410,65.593,19340.1
Bahrain,Asia,1982,377967,69.052,19211.1
Bahrain,Asia,1987,454612,70.75,18524.0
Bahrain,Asia,1992,529491,72.601,19035.6
Bahrain,Asia,1997,598561,73.925,20292.0
Bahrain,Asia,2002,656397,74.795,23403.6
Bahrain,Asia,2007,708573,75.635,29796.0
Bangladesh,Asia,1952,46886859,37.484,684.2
Bangladesh,Asia,1957,51365468,39.348,661.6
Bangladesh,Asia,1962,56839289,41.216,686.3
Bangladesh,Asia,1967,62821884,43.453,721.2
Bangladesh,Asia,1972,70759295,45.252,630.2
Bangladesh,Asia,1977,80428306,46.923,659.9
Bangladesh,Asia,1982,93074406,50.009,677.0
Bangladesh,Asia,1987,103764241,52.819,752.0
Bangladesh,Asia,1992,113704579,56.018,837.8
Bangladesh,Asia,1997,123315288,59.412,972.8
Bangladesh,Asia,2002,135656790,62.013,1136.4
Bangladesh,Asia,2007,150448339,64.062,1391.3
Belgium,Europe,1952,8730405,68.0,8343.1
Belgium,Europe,1957,8989111,69.24,9715.0
Belgium,Europe,1962,9218400,70.25,10991.2
Belgium,Europe,1967,9556500,70.94,13149.0
Belgium,Europe,1972,9709100,71.44,16672.1
Belgium,Europe,1977,9821800,72.8,19118.0
Belgium,Europe,1982,9856303,73.93,20979.8
Belgium,Europe,1987,9870200,75.35,22525.6
Belgium,Europe,1992,10045622,76.46,25575.6
Belgium,Europe,1997,10199787,77.53,27561.2
Belgium,Europe,2002,10311970,78.32,30485.9
Belgium,Europe,2007,10392226,79.441,33692.6
Benin,Africa,1952,1738315,38.223,1062.8
Benin,Africa,1957,1925173,40.358,959.6
Benin,Africa,1962,2151895,42.618,949.5
Benin,Africa,1967,2427334,44.885,1035.8
Benin,Africa,1972,2761407,47.014,1085.8
Benin,Africa,1977,3168267,49.19,1029.2
Benin,Africa,1982,3641603,50.904,1277.9
Benin,Africa,1987,4243788,52.337,1225.9
Benin,Africa,1992,4981671,53.919,1191.2
Benin,Africa,1997,6066080,54.777,1233.0
Benin,Africa,2002,7026113,54.406,1372.9
Benin,Africa,2007,8078314,56.728,1441.3
Bolivia,Americas,1952,2883315,40.414,2677.3
Bolivia,Americas,1957,3211738,41.89,2127.7
Bolivia,Americas,1962,3593918,43.428,2181.0
Bolivia,Americas,1967,4040665,45.032,2586.9
Bolivia,Americas,1972,4565872,46.714,2980.3
Bolivia,Americas,1977,5079716,50.023,3548.1
Bolivia,Americas,1982,5642224,53.859,3156.5
Bolivia,Americas,1987,6156369,57.251,2753.7
Bolivia,Americas,1992,6893451,59.957,2961.7
Bolivia,Americas,1997,7693188,62.05,3326.1
Bolivia,Americas,2002,8445134,63.883,3413.3
Bolivia,Americas,2007,9119152,65.554,3822.1
Bosnia and Herzegovina,Europe,1952,2791000,53.82,973.5
Bosnia and Herzegovina,Europe,1957,3076000,58.45,1354.0
Bosnia and Herzegovina,Europe,1962,3349000,61.93,1709.7
Bosnia and Herzegovina,Europe,1967,3585000,64.79,2172.4
Bosnia and Herzegovina,Europe,1972,3819000,67.45,2860.2
Bosnia and Herzegovina,Europe,1977,4086000,69.86,3528.5
Bosnia and Herzegovina,Europe,1982,4172693,70.69,4126.6
Bosnia and Herzegovina,Europe,1987,4338977,71.14,4314.1
Bosnia and Herzegovina,Europe,1992,4256013,72.178,2546.8
Bosnia and Herzegovina,Europe,1997,3607000,73.244,4766.4
Bosnia and Herzegovina,Europe,2002,4165416,74.09,6019.0
Bosnia and Herzegovina,Europe,2007,4552198,74.852,7446.3
Botswana,Africa,1952,442308,47.622,851.2
Botswana,Africa,1957,474639,49.618,918.2
Botswana,Africa,1962,512764,51.52,983.7
Botswana,Africa,1967,553541,53.298,1214.7
Botswana,Africa,1972,619351,56.024,2263.6
Botswana,Africa,1977,781472,59.319,3214.9
Botswana,Africa,1982,970347,61.484,4551.1
Botswana,Africa,1987,1151184,63.622,6205.9
Botswana,Africa,1992,1342614,62.745,7954.1
Botswana,Africa,1997,1536536,52.556,8647.1
Botswana,Africa,2002,1630347,46.634,11003.6
Botswana,Africa,2007,1639131,50.728,12569.9
Brazil,Americas,1952,56602560,50.917,2108.9
Brazil,Americas,1957,65551171,53.285,2487.4
Brazil,Americas,1962,76039390,55.665,3336.6
Brazil,Americas,1967,88049823,57.632,3429.9
Brazil,Americas,1972,100840058,59.504,4985.7
Brazil,Americas,1977,114313951,61.489,6660.1
Brazil,Americas,1982,128962939,63.336,7030.8
Brazil,Americas,1987,142938076,65.205,7807.1
Brazil,Americas,1992,155975974,67.057,6950.3
Brazil,Americas,1997,168546719,69.388,7958.0
Brazil,Americas,2002,179914212,71.006,8131.2
Brazil,Americas,2007,190010647,72.39,9065.8
Bulgaria,Europe,1952,7274900,59.6,2444.3
Bulgaria,Europe,1957,7651254,66.61,3008.7
Bulgaria,Europe,1962,8012946,69.51,4254.3
Bulgaria,Europe,1967,8310226,70.42,5577.0
Bulgaria,Europe,1972,8576200,70.9,6597.5
Bulgaria,Europe,1977,8797022,70.81,7612.2
Bulgaria,Europe,1982,8892098,71.08,8224.2
Bulgaria,Europe,1987,8971958,71.34,8239.9
Bulgaria,Europe,1992,8658506,71.19,6302.6
Bulgaria,Europe,1997,8066057,70.32,5970.4
Bulgaria,Europe,2002,7661799,72.14,7696.8
Bulgaria,Europe,2007,7322858,73.005,10680.8
Burkina Faso,Africa,1952,4469979,31.975,543.3
Burkina Faso,Africa,1957,4713416,34.906,617.2
Burkina Faso,Africa,1962,4919632,37.814,722.5
Burkina Faso,Africa,1967,5127935,40.697,794.8
Burkina Faso,Africa,1972,5433886,43.591,854.7
Burkina Faso,Africa,1977,5889574,46.137,743.4
Burkina Faso,Africa,1982,6634596,48.122,807.2
Burkina Faso,Africa,1987,7586551,49.557,912.1
Burkina Faso,Africa,1992,8878303,50.26,931.8
Burkina Faso,Africa,1997,10352843,50.324,946.3
Burkina Faso,Africa,2002,12251209,50.65,1037.6
Burkina Faso,Africa,2007,14326203,52.295,1217.0
Burundi,Africa,1952,2445618,39.031,339.3
Burundi,Africa,1957,2667518,40.533,379.6
Burundi,Africa,1962,2961915,42.045,355.2
Burundi,Africa,1967,3330989,43.548,413.0
Burundi,Africa,1972,3529983,44.057,464.1
Burundi,Africa,1977,3834415,45.91,556.1
Burundi,Africa,1982,4580410,47.471,559.6
Burundi,Africa,1987,5126023,48.211,621.8
Burundi,Africa,1992,5809236,44.736,631.7
Burundi,Africa,1997,6121610,45.326,463.1
Burundi,Africa,2002,7021078,47.36,446.4
Burundi,Africa,2007,8390505,49.58,430.1
Cambodia,Asia,1952,4693836,39.417,368.5
Cambodia,Asia,1957,5322536,41.366,434.0
Cambodia,Asia,1962,6083619,43.415,496.9
Cambodia,Asia,1967,6960067,45.415,523.4
Cambodia,Asia,1972,7450606,40.317,421.6
Cambodia,Asia,1977,6978607,31.22,525.0
Cambodia,Asia,1982,7272485,50.957,624.5
Cambodia,Asia,1987,8371791,53.914,683.9
Cambodia,Asia,1992,10150094,55.803,682.3
Cambodia,Asia,1997,11782962,56.534,734.3
Cambodia,Asia,2002,12926707,56.752,896.2
Cambodia,Asia,2007,14131858,59.723,1713.8
Cameroon,Africa,1952,5009067,38.523,1172.7
Cameroon,Africa,1957,5359923,40.428,1313.0
Cameroon,Africa,1962,5793633,42.643,1399.6
Cameroon,Africa,1967,6335506,44.799,1508.5
Cameroon,Africa,1972,7021028,47.049,1684.1
Cameroon,Africa,1977,7959865,49.355,1783.4
Cameroon,Africa,1982,9250831,52.961,2368.0
Cameroon,Africa,1987,10780667,54.985,2602.7
Cameroon,Africa,1992,12467171,54.314,1793.2
Cameroon,Africa,1997,14195809,52.199,1694.3
Cameroon,Africa,2002,15929988,49.856,1934.0
Cameroon,Africa,2007,17696293,50.43,2042.1
Canada,Americas,1952,14785584,68.75,11367.2
Canada,Americas,1957,17010154,69.96,12490.0
Canada,Americas,1962,18985849,71.3,13462.5
Canada,Americas,1967,20819767,72.13,16076.6
Canada,Americas,1972,22284500,72.88,18970.6
Canada,Americas,1977,23796400,74.21,22090.9
Canada,Americas,1982,25201900,75.76,22898.8
Canada,Americas,1987,26549700,76.86,26626.5
Canada,Americas,1992,28523502,77.95,26342.9
Canada,Americas,1997,30305843,78.61,28954.9
Canada,Americas,2002,31902268,79.77,33329.0
Canada,Americas,2007,33390141,80.653,36319.2
Central African Republic,Africa,1952,1291695,35.463,1071.3
Central African Republic,Africa,1957,1392284,37.464,1190.8
Central African Republic,Africa,1962,1523478,39.475,1193.1
Central African Republic,Africa,1967,1733638,41.478,1136.1
Central African Republic,Africa,1972,1927260,43.457,1070.0
Central African Republic,Africa,1977,2167533,46.775,1109.4
Central African Republic,Africa,1982,2476971,48.295,956.8
Central African Republic,Africa,1987,2840009,50.485,844.9
Central African Republic,Africa,1992,3265124,49.396,747.9
Central African Republic,Africa,1997,3696513,46.066,740.5
Central African Republic,Africa,2002,4048013,43.308,738.7
Central African Republic,Africa,2007,4369038,44.741,706.0
Chad,Africa,1952,2682462,38.092,1178.7
Chad,Africa,1957,2894855,39.881,1308.5
Chad,Africa,1962,3150417,41.716,1389.8
Chad,Africa,1967,3495967,43.601,1196.8
Chad,Africa,1972,3899068,45.569,1104.1
Chad,Africa,1977,4388260,47.383,1134.0
Chad,Africa,1982,4875118,49.517,797.9
Chad,Africa,1987,5498955,51.051,952.4
Chad,Africa,1992,6429417,51.724,1058.1
Chad,Africa,1997,7562011,51.573,1005.0
Chad,Africa,2002,8835739,50.525,1156.2
Chad,Africa,2007,10238807,50.651,1704.1
Chile,Americas,1952,6377619,54.745,3940.0
Chile,Americas,1957,7048426,56.074,4315.6
Chile,Americas,1962,7961258,57.924,4519.1
Chile,Americas,1967,8858908,60.523,5106.7
Chile,Americas,1972,9717524,63.441,5494.0
Chile,Americas,1977,10599793,67.052,4756.8
Chile,Americas,1982,11487112,70.565,5095.7
Chile,Americas,1987,12463354,72.492,5547.1
Chile,Americas,1992,13572994,74.126,7596.1
Chile,Americas,1997,14599929,75.816,10118.1
Chile,Americas,2002,15497046,77.86,10778.8
Chile,Americas,2007,16284741,78.553,13171.6
China,Asia,1952,556263528,44.0,400.4
China,Asia,1957,637408000,50.549,576.0
China,Asia,1962,665770000,44.501,487.7
China,Asia,1967,754550000,58.381,612.7
China,Asia,1972,862030000,63.119,676.9
China,Asia,1977,943455000,63.967,741.2
China,Asia,1982,1000281000,65.525,962.4
China,Asia,1987,1084035000,67.274,1378.9
China,Asia,1992,1164970000,68.69,1655.8
China,Asia,1997,1230075000,70.426,2289.2
China,Asia,2002,1280400000,72.028,3119.3
China,Asia,2007,1318683096,72.961,4959.1
Colombia,Americas,1952,12350771,50.643,2144.1
Colombia,Americas,1957,14485993,55.118,2323.8
Colombia,Americas,1962,17009885,57.863,2492.4
Colombia,Americas,1967,19764027,59.963,2678.7
Colombia,Americas,1972,22542890,61.623,3264.7
Colombia,Americas,1977,25094412,63.837,3815.8
Colombia,Americas,1982,27764644,66.653,4397.6
Colombia,Americas,1987,30964245,67.768,4903.2
Colombia,Americas,1992,34202721,68.421,5444.6
Colombia,Americas,1997,37657830,70.313,6117.4
Colombia,Americas,2002,41008227,71.682,5755.3
Colombia,Americas,2007,44227550,72.889,7006.6
Comoros,Africa,1952,153936,40.715,1103.0
Comoros,Africa,1957,170928,42.46,1211.1
Comoros,Africa,1962,191689,44.467,1406.6
Comoros,Africa,1967,217378,46.472,1876.0
Comoros,Africa,1972,250027,48.944,1937.6
Comoros,Africa,1977,304739,50.939,1172.6
Comoros,Africa,1982,348643,52.933,1267.1
Comoros,Africa,1987,395114,54.926,1316.0
Comoros,Africa,1992,454429,57.939,1246.9
Comoros,Africa,1997,527982,60.66,1173.6
Comoros,Africa,2002,614382,62.974,1075.8
Comoros,Africa,2007,710960,65.152,986.1
"Congo, Dem. Rep.",Africa,1952,14100005,39.143,780.5
"Congo, Dem. Rep.",Africa,1957,15577932,40.652,905.9
"Congo, Dem. Rep.",Africa,1962,17486434,42.122,896.3
"Congo, Dem. Rep.",Africa,1967,19941073,44.056,861.6
"Congo, Dem. Rep.",Africa,1972,23007669,45.989,904.9
"Congo, Dem. Rep.",Africa,1977,26480870,47.804,795.8
"Congo, Dem. Rep.",Africa,1982,30646495,47.784,673.7
"Congo, Dem. Rep.",Africa,1987,35481645,47.412,672.8
"Congo, Dem. Rep.",Africa,1992,41672143,45.548,457.7
"Congo, Dem. Rep.",Africa,1997,47798986,42.587,312.2
"Congo, Dem. Rep.",Africa,2002,55379852,44.966,241.2
"Congo, Dem. Rep.",Africa,2007,64606759,46.462,277.6
"Congo, Rep.",Africa,1952,854885,42.111,2125.6
"Congo, Rep.",Africa,1957,940458,45.053,2315.1
"Congo, Rep.",Africa,1962,1047924,48.435,2464.8
"Congo, Rep.",Africa,1967,1179760,52.04,2677.9
"Congo, Rep.",Africa,1972,1340458,54.907,3213.2
"Congo, Rep.",Africa,1977,1536769,55.625,3259.2
"Congo, Rep.",Africa,1982,1774735,56.695,4879.5
"Congo, Rep.",Africa,1987,2064095,57.47,4201.2
"Congo, Rep.",Africa,1992,2409073,56.433,4016.2
"Congo, Rep.",Africa,1997,2800947,52.962,3484.2
"Congo, Rep.",Africa,2002,3328795,52.97,3484.1
"Congo, Rep.",Africa,2007,3800610,55.322,3632.6
Costa Rica,Americas,1952,926317,57.206,2627.0
Costa Rica,Americas,1957,1112300,60.026,2990.0
Costa Rica,Americas,1962,1345187,62.842,3460.9
Costa Rica,Americas,1967,1588717,65.424,4161.7
Costa Rica,Americas,1972,1834796,67.849,5118.1
Costa Rica,Americas,1977,2108457,70.75,5926.9
Costa Rica,Americas,1982,2424367,73.45,5262.7
Costa Rica,Americas,1987,2799811,74.752,5629.9
Costa Rica,Americas,1992,3173216,75.713,6160.4
Costa Rica,Americas,1997,3518107,77.26,6677.0
Costa Rica,Americas,2002,3834934,78.123,7723.4
Costa Rica,Americas,2007,4133884,78.782,9645.1
Cote d'Ivoire,Africa,1952,2977019,40.477,1388.6
Cote d'Ivoire,Africa,1957,3300000,42.469,1500.9
Cote d'Ivoire,Africa,1962,3832408,44.93,1728.9
Cote d'Ivoire,Africa,1967,4744870,47.35,2052.1
Cote d'Ivoire,Africa,1972,6071696,49.801,2378.2
Cote d'Ivoire,Africa,1977,7459574,52.374,2517.7
Cote d'Ivoire,Africa,1982,9025951,53.983,2602.7
Cote d'Ivoire,Africa,1987,10761098,54.655,2157.0
Cote d'Ivoire,Africa,1992,12772596,52.044,1648.1
Cote d'Ivoire,Africa,1997,14625967,47.991,1786.3
Cote d'Ivoire,Africa,2002,16252726,46.832,1648.8
Cote d'Ivoire,Africa,2007,18013409,48.328,1544.8
Croatia,Europe,1952,3882229,61.21,3119.2
Croatia,Europe,1957,3991242,64.77,4338.2
Croatia,Europe,1962,4076557,67.13,5477.9
Croatia,Europe,1967,4174366,68.5,6960.3
Croatia,Europe,1972,4225310,69.61,9164.1
Croatia,Europe,1977,4318673,70.64,11305.4
Croatia,Europe,1982,4413368,70.46,13221.8
Croatia,Europe,1987,4484310,71.52,13822.6
Croatia,Europe,1992,4494013,72.527,8447.8
Croatia,Europe,1997,4444595,73.68,9875.6
Croatia,Europe,2002,4481020,74.876,11628.4
Croatia,Europe,2007,4493312,75.748,14619.2
Cuba,Americas,1952,6007797,59.421,5586.5
Cuba,Americas,1957,6640752,62.325,6092.2
Cuba,Americas,1962,7254373,65.246,5180.8
Cuba,Americas,1967,8139332,68.29,5690.3
Cuba,Americas,1972,8831348,70.723,5305.4
Cuba,Americas,1977,9537988,72.649,6380.5
Cuba,Americas,1982,9789224,73.717,7316.9
Cuba,Americas,1987,10239839,74.174,7532.9
Cuba,Americas,1992,10723260,74.414,5592.8
Cuba,Americas,1997,10983007,76.151,5432.0
Cuba,Americas,2002,11226999,77.158,6340.6
Cuba,Americas,2007,11416987,78.273,8948.1
Czech Republic,Europe,1952,9125183,66.87,6876.1
Czech Republic,Europe,1957,9513758,69.03,8256.3
Czech Republic,Europe,1962,9620282,69.9,10136.9
Czech Republic,Europe,1967,9835109,70.38,11399.4
Czech Republic,Europe,1972,9862158,70.29,13108.5
Czech Republic,Europe,1977,10161915,70.71,14800.2
Czech Republic,Europe,1982,10303704,70.96,15377.2
Czech Republic,Europe,1987,10311597,71.58,16310.4
Czech Republic,Europe,1992,10315702,72.4,14297.0
Czech Republic,Europe,1997,10300707,74.01,16048.5
Czech Republic,Europe,2002,10256295,75.51,17596.2
Czech Republic,Europe,2007,10228744,76.486,22833.3
Denmark,Europe,1952,4334000,70.78,9692.4
Denmark,Europe,1957,4487831,71.81,11099.7
Denmark,Europe,1962,4646899,72.35,13583.3
Denmark,Europe,1967,4838800,72.96,15937.2
Denmark,Europe,1972,4991596,73.47,18866.2
Denmark,Europe,1977,5088419,74.69,20422.9
Denmark,Europe,1982,5117810,74.63,21688.0
Denmark,Europe,1987,5127024,74.8,25116.2
Denmark,Europe,1992,5171393,75.33,26406.7
Denmark,Europe,1997,5283663,76.11,29804.3
Denmark,Europe,2002,5374693,77.18,32166.5
Denmark,Europe,2007,5468120,78.332,35278.4
Djibouti,Africa,1952,63149,34.812,2669.5
Djibouti,Africa,1957,71851,37.328,2865.0
Djibouti,Africa,1962,89898,39.693,3021.0
Djibouti,Africa,1967,127617,42.074,3020.1
Djibouti,Africa,1972,178848,44.366,3694.2
Djibouti,Africa,1977,228694,46.519,3081.8
Djibouti,Africa,1982,305991,48.812,2879.5
Djibouti,Africa,1987,311025,50.04,2880.1
Djibouti,Africa,1992,384156,51.604,2377.2
Djibouti,Africa,1997,417908,53.157,1895.0
Djibouti,Africa,2002,447416,53.373,1908.3
Djibouti,Africa,2007,496374,54.791,2082.5
Dominican Republic,Americas,1952,2491346,45.928,1397.7
Dominican Republic,Americas,1957,2923186,49.828,1544.4
Dominican Republic,Americas,1962,3453434,53.459,1662.1
Dominican Republic,Americas,1967,4049146,56.751,1653.7
Dominican Republic,Americas,1972,4671329,59.631,2189.9
Dominican Republic,Americas,1977,5302800,61.788,2682.0
Dominican Republic,Americas,1982,5968349,63.727,2861.1
Dominican Republic,Americas,1987,6655297,66.046,2899.8
Dominican Republic,Americas,1992,7351181,68.457,3044.2
Dominican Republic,Americas,1997,7992357,69.957,3614.1
Dominican Republic,Americas,2002,8650322,70.847,4563.8
Dominican Republic,Americas,2007,9319622,72.235,6025.4
Ecuador,Americas,1952,3548753,48.357,3522.1
Ecuador,Americas,1957,4058385,51.356,3780.5
Ecuador,Americas,1962,4681707,54.64,4086.1
Ecuador,Americas,1967,5432424,56.678,4579.1
Ecuador,Americas,1972,6298651,58.796,5281.0
Ecuador,Americas,1977,7278866,61.31,6679.6
Ecuador,Americas,1982,8365850,64.342,7213.8
Ecuador,Americas,1987,9545158,67.231,6481.8
Ecuador,Americas,1992,10748394,69.613,7103.7
Ecuador,Americas,1997,11911819,72.312,7429.5
Ecuador,Americas,2002,12921234,74.173,5773.0
Ecuador,Americas,2007,13755680,74.994,6873.3
Egypt,Africa,1952,22223309,41.893,1418.8
Egypt,Africa,1957,25009741,44.444,1458.9
Egypt,Africa,1962,28173309,46.992,1693.3
Egypt,Africa,1967,31681188,49.293,1814.9
Egypt,Africa,1972,34807417,51.137,2024.0
Egypt,Africa,1977,38783863,53.319,2785.5
Egypt,Africa,1982,45681811,56.006,3503.7
Egypt,Africa,1987,52799062,59.797,3885.5
Egypt,Africa,1992,59402198,63.674,3794.8
Egypt,Africa,1997,66134291,67.217,4173.2
Egypt,Africa,2002,73312559,69.806,4754.6
Egypt,Africa,2007,80264543,71.338,5581.2
El Salvador,Americas,1952,2042865,45.262,3048.3
El Salvador,Americas,1957,2355805,48.57,3421.5
El Salvador,Americas,1962,2747687,52.307,3776.8
El Salvador,Americas,1967,3232927,55.855,4358.6
El Salvador,Americas,1972,3790903,58.207,4520.2
El Salvador,Americas,1977,4282586,56.696,5138.9
El Salvador,Americas,1982,4474873,56.604,4098.3
El Salvador,Americas,1987,4842194,63.154,4140.4
El Salvador,Americas,1992,5274649,66.798,4444.2
El Salvador,Americas,1997,5783439,69.535,5154.8
El Salvador,Americas,2002,6353681,70.734,5351.6
El Salvador,Americas,2007,6939688,71.878,5728.4
Equatorial Guinea,Africa,1952,216964,34.482,375.6
Equatorial Guinea,Africa,1957,232922,35.983,426.1
Equatorial Guinea,Africa,1962,249220,37.485,582.8
Equatorial Guinea,Africa,1967,259864,38.987,915.6
Equatorial Guinea,Africa,1972,277603,40.516,672.4
Equatorial Guinea,Africa,1977,192675,42.024,958.6
Equatorial Guinea,Africa,1982,285483,43.662,927.8
Equatorial Guinea,Africa,1987,341244,45.664,966.9
Equatorial Guinea,Africa,1992,387838,47.545,1132.1
Equatorial Guinea,Africa,1997,439971,48.245,2814.5
Equatorial Guinea,Africa,2002,495627,49.348,7703.5
Equatorial Guinea,Africa,2007,551201,51.579,12154.1
Eritrea,Africa,1952,1438760,35.928,328.9
Eritrea,Africa,1957,1542611,38.047,344.2
Eritrea,Africa,1962,1666618,40.158,381.0
Eritrea,Africa,1967,1820319,42.189,468.8
Eritrea,Africa,1972,2260187,44.142,514.3
Eritrea,Africa,1977,2512642,44.535,505.8
Eritrea,Africa,1982,2637297,43.89,524.9
Eritrea,Africa,1987,2915959,46.453,521.1
Eritrea,Africa,1992,3668440,49.991,582.9
Eritrea,Africa,1997,4058319,53.378,913.5
Eritrea,Africa,2002,4414865,55.24,765.4
Eritrea,Africa,2007,4906585,58.04,641.4
Ethiopia,Africa,1952,20860941,34.078,362.1
Ethiopia,Africa,1957,22815614,36.667,378.9
Ethiopia,Africa,1962,25145372,40.059,419.5
Ethiopia,Africa,1967,27860297,42.115,516.1
Ethiopia,Africa,1972,30770372,43.515,566.2
Ethiopia,Africa,1977,34617799,44.51,556.8
Ethiopia,Africa,1982,38111756,44.916,577.9
Ethiopia,Africa,1987,42999530,46.684,573.7
Ethiopia,Africa,1992,52088559,48.091,421.4
Ethiopia,Africa,1997,59861301,49.402,515.9
Ethiopia,Africa,2002,67946797,50.725,530.1
Ethiopia,Africa,2007,76511887,52.947,690.8
Finland,Europe,1952,4090500,66.55,6424.5
Finland,Europe,1957,4324000,67.49,7545.4
Finland,Europe,1962,4491443,68.75,9371.8
Finland,Europe,1967,4605744,69.83,10921.6
Finland,Europe,1972,4639657,70.87,14358.9
Finland,Europe,1977,4738902,72.52,15605.4
Finland,Europe,1982,4826933,74.55,18533.2
Finland,Europe,1987,4931729,74.83,21141.0
Finland,Europe,1992,5041039,75.7,20647.2
Finland,Europe,1997,5134406,77.13,23724.0
Finland,Europe,2002,5193039,78.37,28204.6
Finland,Europe,2007,5238460,79.313,33207.1
France,Europe,1952,42459667,67.41,7029.8
France,Europe,1957,44310863,68.93,8662.8
France,Europe,1962,47124000,70.51,10560.5
France,Europe,1967,49569000,71.55,12999.9
France,Europe,1972,51732000,72.38,16107.2
France,Europe,1977,53165019,73.83,18292.6
France,Europe,1982,54433565,74.89,20293.9
France,Europe,1987,55630100,76.34,22066.4
France,Europe,1992,57374179,77.46,24703.8
France,Europe,1997,58623428,78.64,25889.8
France,Europe,2002,59925035,79.59,28926.0
France,Europe,2007,61083916,80.657,30470.0
Gabon,Africa,1952,420702,37.003,4293.5
Gabon,Africa,1957,434904,38.999,4976.2
Gabon,Africa,1962,455661,40.489,6631.5
Gabon,Africa,1967,489004,44.598,8358.8
Gabon,Africa,1972,537977,48.69,11401.9
Gabon,Africa,1977,706367,52.79,21745.6
Gabon,Africa,1982,753874,56.564,15113.4
Gabon,Africa,1987,880397,60.19,11864.4
Gabon,Africa,1992,985739,61.366,13522.2
Gabon,Africa,1997,1126189,60.461,14722.8
Gabon,Africa,2002,1299304,56.761,12521.7
Gabon,Africa,2007,1454867,56.735,13206.5
Gambia,Africa,1952,284320,30.0,485.2
Gambia,Africa,1957,323150,32.065,520.9
Gambia,Africa,1962,374020,33.896,599.7
Gambia,Africa,1967,439593,35.857,734.8
Gambia,Africa,1972,517101,38.308,756.1
Gambia,Africa,1977,608274,41.842,884.8
Gambia,Africa,1982,715523,45.58,835.8
Gambia,Africa,1987,848406,49.265,611.7
Gambia,Africa,1992,1025384,52.644,665.6
Gambia,Africa,1997,1235767,55.861,653.7
Gambia,Africa,2002,1457766,58.041,660.6
Gambia,Africa,2007,1688359,59.448,752.7
Germany,Europe,1952,69145952,67.5,7144.1
Germany,Europe,1957,71019069,69.1,10187.8
Germany,Europe,1962,73739117,70.3,12902.5
Germany,Europe,1967,76368453,70.8,14745.6
Germany,Europe,1972,78717088,71.0,18016.2
Germany,Europe,1977,78160773,72.5,20512.9
Germany,Europe,1982,78335266,73.8,22031.5
Germany,Europe,1987,77718298,74.847,24639.2
Germany,Europe,1992,80597764,76.07,26505.3
Germany,Europe,1997,82011073,77.34,27788.9
Germany,Europe,2002,82350671,78.67,30035.8
Germany,Europe,2007,82400996,79.406,32170.4
Ghana,Africa,1952,5581001,43.149,911.3
Ghana,Africa,1957,6391288,44.779,1043.6
Ghana,Africa,1962,7355248,46.452,1190.0
Ghana,Africa,1967,8490213,48.072,1125.7
Ghana,Africa,1972,9354120,49.875,1178.2
Ghana,Africa,1977,10538093,51.756,993.2
Ghana,Africa,1982,11400338,53.744,876.0
Ghana,Africa,1987,14168101,55.729,847.0
Ghana,Africa,1992,16278738,57.501,925.1
Ghana,Africa,1997,18418288,58.556,1005.2
Ghana,Africa,2002,20550751,58.453,1112.0
Ghana,Africa,2007,22873338,60.022,1327.6
Greece,Europe,1952,7733250,65.86,3530.7
Greece,Europe,1957,8096218,67.86,4916.3
Greece,Europe,1962,8448233,69.51,6017.2
Greece,Europe,1967,8716441,71.0,8513.1
Greece,Europe,1972,8888628,72.34,12724.8
Greece,Europe,1977,9308479,73.68,14195.5
Greece,Europe,1982,9786480,75.24,15268.4
Greece,Europe,1987,9974490,76.67,16120.5
Greece,Europe,1992,10325429,77.03,17541.5
Greece,Europe,1997,10502372,77.869,18747.7
Greece,Europe,2002,10603863,78.256,22514.3
Greece,Europe,2007,10706290,79.483,27538.4
Guatemala,Americas,1952,3146381,42.023,2428.2
Guatemala,Americas,1957,3640876,44.142,2617.2
Guatemala,Americas,1962,4208858,46.954,2750.4
Guatemala,Americas,1967,4690773,50.016,3242.5
Guatemala,Americas,1972,5149581,53.738,4031.4
Guatemala,Americas,1977,5703430,56.029,4880.0
Guatemala,Americas,1982,6395630,58.137,4820.5
Guatemala,Americas,1987,7326406,60.782,4246.5
Guatemala,Americas,1992,8486949,63.373,4439.5
Guatemala,Americas,1997,9803875,66.322,4684.3
Guatemala,Americas,2002,11178650,68.978,4858.3
Guatemala,Americas,2007,12572928,70.259,5186.1
Guinea,Africa,1952,2664249,33.609,510.2
Guinea,Africa,1957,2876726,34.558,576.3
Guinea,Africa,1962,3140003,35.753,686.4
Guinea,Africa,1967,3451418,37.197,708.8
Guinea,Africa,1972,3811387,38.842,741.7
Guinea,Africa,1977,4227026,40.762,874.7
Guinea,Africa,1982,4710497,42.891,857.3
Guinea,Africa,1987,5650262,45.552,805.6
Guinea,Africa,1992,6990574,48.576,794.3
Guinea,Africa,1997,8048834,51.455,869.4
Guinea,Africa,2002,8807818,53.676,945.6
Guinea,Africa,2007,9947814,56.007,942.7
Guinea-Bissau,Africa,1952,580653,32.5,299.9
Guinea-Bissau,Africa,1957,601095,33.489,431.8
Guinea-Bissau,Africa,1962,627820,34.488,522.0
Guinea-Bissau,Africa,1967,601287,35.492,715.6
Guinea-Bissau,Africa,1972,625361,36.486,820.2
Guinea-Bissau,Africa,1977,745228,37.465,764.7
Guinea-Bissau,Africa,1982,825987,39.327,838.1
Guinea-Bissau,Africa,1987,927524,41.245,736.4
Guinea-Bissau,Africa,1992,1050938,43.266,745.5
Guinea-Bissau,Africa,1997,1193708,44.873,796.7
Guinea-Bissau,Africa,2002,1332459,45.504,575.7
Guinea-Bissau,Africa,2007,1472041,46.388,579.2
Haiti,Americas,1952,3201488,37.579,1840.4
Haiti,Americas,1957,3507701,40.696,1726.9
Haiti,Americas,1962,3880130,43.59,1796.6
Haiti,Americas,1967,4318137,46.243,1452.1
Haiti,Americas,1972,4698301,48.042,1654.5
Haiti,Americas,1977,4908554,49.923,1874.3
Haiti,Americas,1982,5198399,51.461,2011.2
Haiti,Americas,1987,5756203,53.636,1823.0
Haiti,Americas,1992,6326682,55.089,1456.3
Haiti,Americas,1997,6913545,56.671,1341.7
Haiti,Americas,2002,7607651,58.137,1270.4
Haiti,Americas,2007,8502814,60.916,1201.6
Honduras,Americas,1952,1517453,41.912,2194.9
Honduras,Americas,1957,1770390,44.665,2220.5
Honduras,Americas,1962,2090162,48.041,2291.2
Honduras,Americas,1967,2500689,50.924,2538.3
Honduras,Americas,1972,2965146,53.884,2529.8
Honduras,Americas,1977,3055235,57.402,3203.2
Honduras,Americas,1982,3669448,60.909,3121.8
Honduras,Americas,1987,4372203,64.492,3023.1
Honduras,Americas,1992,5077347,66.399,3081.7
Honduras,Americas,1997,5867957,67.659,3160.5
Honduras,Americas,2002,6677328,68.565,3099.7
Honduras,Americas,2007,7483763,70.198,3548.3
"Hong Kong, China",Asia,1952,2125900,60.96,3054.4
"Hong Kong, China",Asia,1957,2736300,64.75,3629.1
"Hong Kong, China",Asia,1962,3305200,67.65,4692.6
"Hong Kong, China",Asia,1967,3722800,70.0,6198.0
"Hong Kong, China",Asia,1972,4115700,72.0,8315.9
"Hong Kong, China",Asia,1977,4583700,73.6,11186.1
"Hong Kong, China",Asia,1982,5264500,75.45,14560.5
"Hong Kong, China",Asia,1987,5584510,76.2,20038.5
"Hong Kong, China",Asia,1992,5829696,77.601,24757.6
"Hong Kong, China",Asia,1997,6495918,80.0,28377.6
"Hong Kong, China",Asia,2002,6762476,81.495,30209.0
"Hong Kong, China",Asia,2007,6980412,82.208,39725.0
Hungary,Europe,1952,9504000,64.03,5263.7
Hungary,Europe,1957,9839000,66.41,6040.2
Hungary,Europe,1962,10063000,67.96,7550.4
Hungary,Europe,1967,10223422,69.5,9326.6
Hungary,Europe,1972,10394091,69.76,10168.7
Hungary,Europe,1977,10637171,69.95,11674.8
Hungary,Europe,1982,10705535,69.39,12546.0
Hungary,Europe,1987,10612740,69.58,12986.5
Hungary,Europe,1992,10348684,69.17,10535.6
Hungary,Europe,1997,10244684,71.04,11712.8
Hungary,Europe,2002,10083313,72.59,14843.9
Hungary,Europe,2007,9956108,73.338,18008.9
Iceland,Europe,1952,147962,72.49,7267.7
Iceland,Europe,1957,165110,73.47,9244.0
Iceland,Europe,1962,182053,73.68,10350.2
Iceland,Europe,1967,198676,73.73,13319.9
Iceland,Europe,1972,209275,74.46,15798.1
Iceland,Europe,1977,221823,76.11,19655.0
Iceland,Europe,1982,233997,76.99,23269.6
Iceland,Europe,1987,244676,77.23,26923.2
Iceland,Europe,1992,259012,78.77,25144.4
Iceland,Europe,1997,271192,78.95,28061.1
Iceland,Europe,2002,288030,80.5,31163.2
Iceland,Europe,2007,301931,81.757,36180.8
India,Asia,1952,372000000,37.373,546.6
India,Asia,1957,409000000,40.249,590.1
India,Asia,1962,454000000,43.605,658.3
India,Asia,1967,506000000,47.193,700.8
India,Asia,1972,567000000,50.651,724.0
India,Asia,1977,634000000,54.208,813.3
India,Asia,1982,708000000,56.596,855.7
India,Asia,1987,788000000,58.553,976.5
India,Asia,1992,872000000,60.223,1164.4
India,Asia,1997,959000000,61.765,1458.8
India,Asia,2002,1034172547,62.879,1746.8
India,Asia,2007,1110396331,64.698,2452.2
Indonesia,Asia,1952,82052000,37.468,749.7
Indonesia,Asia,1957,90124000,39.918,858.9
Indonesia,Asia,1962,99028000,42.518,849.3
Indonesia,Asia,1967,109343000,45.964,762.4
Indonesia,Asia,1972,121282000,49.203,1111.1
Indonesia,Asia,1977,136725000,52.702,1382.7
Indonesia,Asia,1982,153343000,56.159,1516.9
Indonesia,Asia,1987,169276000,60.137,1748.4
Indonesia,Asia,1992,184816000,62.681,2383.1
Indonesia,Asia,1997,199278000,66.041,3119.3
Indonesia,Asia,2002,211060000,68.588,2873.9
Indonesia,Asia,2007,223547000,70.65,3540.7
Iran,Asia,1952,17272000,44.869,3035.3
Iran,Asia,1957,19792000,47.181,3290.3
Iran,Asia,1962,22874000,49.325,4187.3
Iran,Asia,1967,26538000,52.469,5906.7
Iran,Asia,1972,30614000,55.234,9613.8
Iran,Asia,1977,35480679,57.702,11888.6
Iran,Asia,1982,43072751,59.62,7608.3
Iran,Asia,1987,51889696,63.04,6642.9
Iran,Asia,1992,60397973,65.742,7235.7
Iran,Asia,1997,63327987,68.042,8263.6
Iran,Asia,2002,66907826,69.451,9240.8
Iran,Asia,2007,69453570,70.964,11605.7
Iraq,Asia,1952,5441766,45.32,4129.8
Iraq,Asia,1957,6248643,48.437,6229.3
Iraq,Asia,1962,7240260,51.457,8341.7
Iraq,Asia,1967,8519282,54.459,8931.5
Iraq,Asia,1972,10061506,56.95,9576.0
Iraq,Asia,1977,11882916,60.413,14688.2
Iraq,Asia,1982,14173318,62.038,14517.9
Iraq,Asia,1987,16543189,65.044,11643.6
Iraq,Asia,1992,17861905,59.461,3745.6
Iraq,Asia,1997,20775703,58.811,3076.2
Iraq,Asia,2002,24001816,57.046,4390.7
Iraq,Asia,2007,27499638,59.545,4471.1
Ireland,Europe,1952,2952156,66.91,5210.3
Ireland,Europe,1957,2878220,68.9,5599.1
Ireland,Europe,1962,2830000,70.29,6631.6
Ireland,Europe,1967,2900100,71.08,7655.6
Ireland,Europe,1972,3024400,71.28,9530.8
Ireland,Europe,1977,3271900,72.03,11151.0
Ireland,Europe,1982,3480000,73.1,12618.3
Ireland,Europe,1987,3539900,74.36,13872.9
Ireland,Europe,1992,3557761,75.467,17558.8
Ireland,Europe,1997,3667233,76.122,24521.9
Ireland,Europe,2002,3879155,77.783,34077.0
Ireland,Europe,2007,4109086,78.885,40676.0
Israel,Asia,1952,1620914,65.39,4086.5
Israel,Asia,1957,1944401,67.84,5385.3
Israel,Asia,1962,2310904,69.39,7105.6
Israel,Asia,1967,2693585,70.75,8393.7
Israel,Asia,1972,3095893,71.63,12786.9
Israel,Asia,1977,3495918,73.06,13306.6
Israel,Asia,1982,3858421,74.45,15367.0
Israel,Asia,1987,4203148,75.6,17122.5
Israel,Asia,1992,4936550,76.93,18051.5
Israel,Asia,1997,5531387,78.269,20896.6
Israel,Asia,2002,6029529,79.696,21905.6
Israel,Asia,2007,6426679,80.745,25523.3
Italy,Europe,1952,47666000,65.94,4931.4
Italy,Europe,1957,49182000,67.81,6248.7
Italy,Europe,1962,50843200,69.24,8243.6
Italy,Europe,1967,52667100,71.06,10022.4
Italy,Europe,1972,54365564,72.19,12269.3
Italy,Europe,1977,56059245,73.48,14256.0
Italy,Europe,1982,56535636,74.98,16537.5
Italy,Europe,1987,56729703,76.42,19207.2
Italy,Europe,1992,56840847,77.44,22013.6
Italy,Europe,1997,57479469,78.82,24675.0
Italy,Europe,2002,57926999,80.24,27968.1
Italy,Europe,2007,58147733,80.546,28569.7
Jamaica,Americas,1952,1426095,58.53,2898.5
Jamaica,Americas,1957,1535090,62.61,4756.5
Jamaica,Americas,1962,1665128,65.61,5246.1
Jamaica,Americas,1967,1861096,67.51,6124.7
Jamaica,Americas,1972,1997616,69.0,7433.9
Jamaica,Americas,1977,2156814,70.11,6650.2
Jamaica,Americas,1982,2298309,71.21,6068.1
Jamaica,Americas,1987,2326606,71.77,6351.2
Jamaica,Americas,1992,2378618,71.766,7404.9
Jamaica,Americas,1997,2531311,72.262,7121.9
Jamaica,Americas,2002,2664659,72.047,6994.8
Jamaica,Americas,2007,2780132,72.567,7320.9
Japan,Asia,1952,86459025,63.03,3217.0
Japan,Asia,1957,91563009,65.5,4317.7
Japan,Asia,1962,95831757,68.73,6576.6
Japan,Asia,1967,100825279,71.43,9847.8
Japan,Asia,1972,107188273,73.42,14778.8
Japan,Asia,1977,113872473,75.38,16610.4
Japan,Asia,1982,118454974,77.11,19384.1
Japan,Asia,1987,122091325,78.67,22375.9
Japan,Asia,1992,124329269,79.36,26824.9
Japan,Asia,1997,125956499,80.69,28816.6
Japan,Asia,2002,127065841,82.0,28604.6
Japan,Asia,2007,127467972,82.603,31656.1
Jordan,Asia,1952,607914,43.158,1546.9
Jordan,Asia,1957,746559,45.669,1886.1
Jordan,Asia,1962,933559,48.126,2348.0
Jordan,Asia,1967,1255058,51.629,2741.8
Jordan,Asia,1972,1613551,56.528,2110.9
Jordan,Asia,1977,1937652,61.134,2852.4
Jordan,Asia,1982,2347031,63.739,4161.4
Jordan,Asia,1987,2820042,65.869,4448.7
Jordan,Asia,1992,3867409,68.015,3431.6
Jordan,Asia,1997,4526235,69.772,3645.4
Jordan,Asia,2002,5307470,71.263,3844.9
Jordan,Asia,2007,6053193,72.535,4519.5
Kenya,Africa,1952,6464046,42.27,853.5
Kenya,Africa,1957,7454779,44.686,944.4
Kenya,Africa,1962,8678557,47.949,897.0
Kenya,Africa,1967,10191512,50.654,1056.7
Kenya,Africa,1972,12044785,53.559,1222.4
Kenya,Africa,1977,14500404,56.155,1267.6
Kenya,Africa,1982,17661452,58.766,1348.2
Kenya,Africa,1987,21198082,59.339,1361.9
Kenya,Africa,1992,25020539,59.285,1341.9
Kenya,Africa,1997,28263827,54.407,1360.5
Kenya,Africa,2002,31386842,50.992,1287.5
Kenya,Africa,2007,35610177,54.11,1463.2
"Korea, Dem. Rep.",Asia,1952,8865488,50.056,1088.3
"Korea, Dem. Rep.",Asia,1957,9411381,54.081,1571.1
"Korea, Dem. Rep.",Asia,1962,10917494,56.656,1621.7
"Korea, Dem. Rep.",Asia,1967,12617009,59.942,2143.5
"Korea, Dem. Rep.",Asia,1972,14781241,63.983,3701.6
"Korea, Dem. Rep.",Asia,1977,16325320,67.159,4106.3
"Korea, Dem. Rep.",Asia,1982,17647518,69.1,4106.5
"Korea, Dem. Rep.",Asia,1987,19067554,70.647,4106.5
"Korea, Dem. Rep.",Asia,1992,20711375,69.978,3726.1
"Korea, Dem. Rep.",Asia,1997,21585105,67.727,1690.8
"Korea, Dem. Rep.",Asia,2002,22215365,66.662,1646.8
"Korea, Dem. Rep.",Asia,2007,23301725,67.297,1593.1
"Korea, Rep.",Asia,1952,20947571,47.453,1030.6
"Korea, Rep.",Asia,1957,22611552,52.681,1487.6
"Korea, Rep.",Asia,1962,26420307,55.292,1536.3
"Korea, Rep.",Asia,1967,30131000,57.716,2029.2
"Korea, Rep.",Asia,1972,33505000,62.612,3030.9
"Korea, Rep.",Asia,1977,36436000,64.766,4657.2
"Korea, Rep.",Asia,1982,39326000,67.123,5622.9
"Korea, Rep.",Asia,1987,41622000,69.81,8533.1
"Korea, Rep.",Asia,1992,43805450,72.244,12104.3
"Korea, Rep.",Asia,1997,46173816,74.647,15993.5
"Korea, Rep.",Asia,2002,47969150,77.045,19234.0
"Korea, Rep.",Asia,2007,49044790,78.623,23348.1
Kuwait,Asia,1952,160000,55.565,108382.4
Kuwait,Asia,1957,212846,58.033,113523.1
Kuwait,Asia,1962,358266,60.47,95458.1
Kuwait,Asia,1967,575003,64.624,80894.9
Kuwait,Asia,1972,841934,67.712,109347.9
Kuwait,Asia,1977,1140357,69.343,59265.5
Kuwait,Asia,1982,1497494,71.309,31354.0
Kuwait,Asia,1987,1891487,74.174,28118.4
Kuwait,Asia,1992,1418095,75.19,34932.9
Kuwait,Asia,1997,1765345,76.156,40300.6
Kuwait,Asia,2002,2111561,76.904,35110.1
Kuwait,Asia,2007,2505559,77.588,47307.0
Lebanon,Asia,1952,1439529,55.928,4834.8
Lebanon,Asia,1957,1647412,59.489,6089.8
Lebanon,Asia,1962,1886848,62.094,5714.6
Lebanon,Asia,1967,2186894,63.87,6007.0
Lebanon,Asia,1972,2680018,65.421,7486.4
Lebanon,Asia,1977,3115787,66.099,8659.7
Lebanon,Asia,1982,3086876,66.983,7640.5
Lebanon,Asia,1987,3089353,67.926,5377.1
Lebanon,Asia,1992,3219994,69.292,6890.8
Lebanon,Asia,1997,3430388,70.265,8755.0
Lebanon,Asia,2002,3677780,71.028,9313.9
Lebanon,Asia,2007,3921278,71.993,10461.1
Lesotho,Africa,1952,748747,42.138,298.8
Lesotho,Africa,1957,813338,45.047,336.0
Lesotho,Africa,1962,893143,47.747,411.8
Lesotho,Africa,1967,996380,48.492,498.6
Lesotho,Africa,1972,1116779,49.767,496.6
Lesotho,Africa,1977,1251524,52.208,745.4
Lesotho,Africa,1982,1411807,55.078,797.3
Lesotho,Africa,1987,1599200,57.18,774.0
Lesotho,Africa,1992,1803195,59.685,977.5
Lesotho,Africa,1997,1982823,55.558,1186.1
Lesotho,Africa,2002,2046772,44.593,1275.2
Lesotho,Africa,2007,2012649,42.592,1569.3
Liberia,Africa,1952,863308,38.48,575.6
Liberia,Africa,1957,975950,39.486,621.0
Liberia,Africa,1962,1112796,40.502,634.2
Liberia,Africa,1967,1279406,41.536,713.6
Liberia,Africa,1972,1482628,42.614,803.0
Liberia,Africa,1977,1703617,43.764,640.3
Liberia,Africa,1982,1956875,44.852,572.2
Liberia,Africa,1987,2269414,46.027,506.1
Liberia,Africa,1992,1912974,40.802,636.6
Liberia,Africa,1997,2200725,42.221,609.2
Liberia,Africa,2002,2814651,43.753,531.5
Liberia,Africa,2007,3193942,45.678,414.5
Libya,Africa,1952,1019729,42.723,2387.5
Libya,Africa,1957,1201578,45.289,3448.3
Libya,Africa,1962,1441863,47.808,6757.0
Libya,Africa,1967,1759224,50.227,18772.8
Libya,Africa,1972,2183877,52.773,21011.5
Libya,Africa,1977,2721783,57.442,21951.2
Libya,Africa,1982,3344074,62.155,17364.3
Libya,Africa,1987,3799845,66.234,11770.6
Libya,Africa,1992,4364501,68.755,9640.1
Libya,Africa,1997,4759670,71.555,9467.4
Libya,Africa,2002,5368585,72.737,9534.7
Libya,Africa,2007,6036914,73.952,12057.5
Madagascar,Africa,1952,4762912,36.681,1443.0
Madagascar,Africa,1957,5181679,38.865,1589.2
Madagascar,Africa,1962,5703324,40.848,1643.4
Madagascar,Africa,1967,6334556,42.881,1634.0
Madagascar,Africa,1972,7082430,44.851,1748.6
Madagascar,Africa,1977,8007166,46.881,1544.2
Madagascar,Africa,1982,9171477,48.969,1302.9
Madagascar,Africa,1987,10568642,49.35,1155.4
Madagascar,Africa,1992,12210395,52.214,1040.7
Madagascar,Africa,1997,14165114,54.978,986.3
Madagascar,Africa,2002,16473477,57.286,894.6
Madagascar,Africa,2007,19167654,59.443,1044.8
Malawi,Africa,1952,2917802,36.256,369.2
Malawi,Africa,1957,3221238,37.207,416.4
Malawi,Africa,1962,3628608,38.41,427.9
Malawi,Africa,1967,4147252,39.487,495.5
Malawi,Africa,1972,4730997,41.766,584.6
Malawi,Africa,1977,5637246,43.767,663.2
Malawi,Africa,1982,6502825,45.642,632.8
Malawi,Africa,1987,7824747,47.457,635.5
Malawi,Africa,1992,10014249,49.42,563.2
Malawi,Africa,1997,10419991,47.495,692.3
Malawi,Africa,2002,11824495,45.009,665.4
Malawi,Africa,2007,13327079,48.303,759.3
Malaysia,Asia,1952,6748378,48.463,1831.1
Malaysia,Asia,1957,7739235,52.102,1810.1
Malaysia,Asia,1962,8906385,55.737,2036.9
Malaysia,Asia,1967,10154878,59.371,2277.7
Malaysia,Asia,1972,11441462,63.01,2849.1
Malaysia,Asia,1977,12845381,65.256,3827.9
Malaysia,Asia,1982,14441916,68.0,4920.4
Malaysia,Asia,1987,16331785,69.5,5249.8
Malaysia,Asia,1992,18319502,70.693,7277.9
Malaysia,Asia,1997,20476091,71.938,10132.9
Malaysia,Asia,2002,22662365,73.044,10207.0
Malaysia,Asia,2007,24821286,74.241,12451.7
Mali,Africa,1952,3838168,33.685,452.3
Mali,Africa,1957,4241884,35.307,490.4
Mali,Africa,1962,4690372,36.936,496.2
Mali,Africa,1967,5212416,38.487,545.0
Mali,Africa,1972,5828158,39.977,581.4
Mali,Africa,1977,6491649,41.714,686.4
Mali,Africa,1982,6998256,43.916,618.0
Mali,Africa,1987,7634008,46.364,684.2
Mali,Africa,1992,8416215,48.388,739.0
Mali,Africa,1997,9384984,49.903,790.3
Mali,Africa,2002,10580176,51.818,951.4
Mali,Africa,2007,12031795,54.467,1042.6
Mauritania,Africa,1952,1022556,40.543,743.1
Mauritania,Africa,1957,1076852,42.338,846.1
Mauritania,Africa,1962,1146757,44.248,1055.9
Mauritania,Africa,1967,1230542,46.289,1421.1
Mauritania,Africa,1972,1332786,48.437,1586.9
Mauritania,Africa,1977,1456688,50.852,1497.5
Mauritania,Africa,1982,1622136,53.599,1481.2
Mauritania,Africa,1987,1841240,56.145,1421.6
Mauritania,Africa,1992,2119465,58.333,1361.4
Mauritania,Africa,1997,2444741,60.43,1483.1
Mauritania,Africa,2002,2828858,62.247,1579.0
Mauritania,Africa,2007,3270065,64.164,1803.2
Mauritius,Africa,1952,516556,50.986,1968.0
Mauritius,Africa,1957,609816,58.089,2034.0
Mauritius,Africa,1962,701016,60.246,2529.1
Mauritius,Africa,1967,789309,61.557,2475.4
Mauritius,Africa,1972,851334,62.944,2575.5
Mauritius,Africa,1977,913025,64.93,3711.0
Mauritius,Africa,1982,992040,66.711,3688.0
Mauritius,Africa,1987,1042663,68.74,4783.6
Mauritius,Africa,1992,1096202,69.745,6058.3
Mauritius,Africa,1997,1149818,70.736,7425.7
Mauritius,Africa,2002,1200206,71.954,9021.8
Mauritius,Africa,2007,1250882,72.801,10957.0
Mexico,Americas,1952,30144317,50.789,3478.1
Mexico,Americas,1957,35015548,55.19,4131.5
Mexico,Americas,1962,41121485,58.299,4581.6
Mexico,Americas,1967,47995559,60.11,5754.7
Mexico,Americas,1972,55984294,62.361,6809.4
Mexico,Americas,1977,63759976,65.032,7674.9
Mexico,Americas,1982,71640904,67.405,9611.1
Mexico,Americas,1987,80122492,69.498,8688.2
Mexico,Americas,1992,88111030,71.455,9472.4
Mexico,Americas,1997,95895146,73.67,9767.3
Mexico,Americas,2002,102479927,74.902,10742.4
Mexico,Americas,2007,108700891,76.195,11977.6
Mongolia,Asia,1952,800663,42.244,786.6
Mongolia,Asia,1957,882134,45.248,912.7
Mongolia,Asia,1962,1010280,48.251,1056.4
Mongolia,Asia,1967,1149500,51.253,1226.0
Mongolia,Asia,1972,1320500,53.754,1421.7
Mongolia,Asia,1977,1528000,55.491,1647.5
Mongolia,Asia,1982,1756032,57.489,2000.6
Mongolia,Asia,1987,2015133,60.222,2338.0
Mongolia,Asia,1992,2312802,61.271,1785.4
Mongolia,Asia,1997,2494803,63.625,1902.3
Mongolia,Asia,2002,2674234,65.033,2140.7
Mongolia,Asia,2007,2874127,66.803,3095.8
Montenegro,Europe,1952,413834,59.164,2647.6
Montenegro,Europe,1957,442829,61.448,3682.3
Montenegro,Europe,1962,474528,63.728,4649.6
Montenegro,Europe,1967,501035,67.178,5907.9
Montenegro,Europe,1972,527678,70.636,7778.4
Montenegro,Europe,1977,560073,73.066,9595.9
Montenegro,Europe,1982,562548,74.101,11222.6
Montenegro,Europe,1987,569473,74.865,11732.5
Montenegro,Europe,1992,621621,75.435,7003.3
Montenegro,Europe,1997,692651,75.445,6465.6
Montenegro,Europe,2002,720230,73.981,6557.2
Montenegro,Europe,2007,684736,74.543,9253.9
Morocco,Africa,1952,9939217,42.873,1688.2
Morocco,Africa,1957,11406350,45.423,1642.0
Morocco,Africa,1962,13056604,47.924,1566.4
Morocco,Africa,1967,14770296,50.335,1711.0
Morocco,Africa,1972,16660670,52.862,1930.2
Morocco,Africa,1977,18396941,55.73,2370.6
Morocco,Africa,1982,20198730,59.65,2702.6
Morocco,Africa,1987,22987397,62.677,2755.0
Morocco,Africa,1992,25798239,65.393,2948.0
Morocco,Africa,1997,28529501,67.66,2982.1
Morocco,Africa,2002,31167783,69.615,3258.5
Morocco,Africa,2007,33757175,71.164,3820.2
Mozambique,Africa,1952,6446316,31.286,468.5
Mozambique,Africa,1957,7038035,33.779,495.6
Mozambique,Africa,1962,7788944,36.161,556.7
Mozambique,Africa,1967,8680909,38.113,566.7
Mozambique,Africa,1972,9809596,40.328,724.9
Mozambique,Africa,1977,11127868,42.495,502.3
Mozambique,Africa,1982,12587223,42.795,462.2
Mozambique,Africa,1987,12891952,42.861,389.9
Mozambique,Africa,1992,13160731,44.284,410.9
Mozambique,Africa,1997,16603334,46.344,472.3
Mozambique,Africa,2002,18473780,44.026,633.6
Mozambique,Africa,2007,19951656,42.082,823.7
Myanmar,Asia,1952,20092996,36.319,331.0
Myanmar,Asia,1957,21731844,41.905,350.0
Myanmar,Asia,1962,23634436,45.108,388.0
Myanmar,Asia,1967,25870271,49.379,349.0
Myanmar,Asia,1972,28466390,53.07,357.0
Myanmar,Asia,1977,31528087,56.059,371.0
Myanmar,Asia,1982,34680442,58.056,424.0
Myanmar,Asia,1987,38028578,58.339,385.0
Myanmar,Asia,1992,40546538,59.32,347.0
Myanmar,Asia,1997,43247867,60.328,415.0
Myanmar,Asia,2002,45598081,59.908,611.0
Myanmar,Asia,2007,47761980,62.069,944.0
Namibia,Africa,1952,485831,41.725,2423.8
Namibia,Africa,1957,548080,45.226,2621.4
Namibia,Africa,1962,621392,48.386,3173.2
Namibia,Africa,1967,706640,51.159,3793.7
Namibia,Africa,1972,821782,53.867,3746.1
Namibia,Africa,1977,977026,56.437,3876.5
Namibia,Africa,1982,1099010,58.968,4191.1
Namibia,Africa,1987,1278184,60.835,3693.7
Namibia,Africa,1992,1554253,61.999,3804.5
Namibia,Africa,1997,1774766,58.909,3899.5
Namibia,Africa,2002,1972153,51.479,4072.3
Namibia,Africa,2007,2055080,52.906,4811.1
Nepal,Asia,1952,9182536,36.157,545.9
Nepal,Asia,1957,9682338,37.686,597.9
Nepal,Asia,1962,10332057,39.393,652.4
Nepal,Asia,1967,11261690,41.472,676.4
Nepal,Asia,1972,12412593,43.971,674.8
Nepal,Asia,1977,13933198,46.748,694.1
Nepal,Asia,1982,15796314,49.594,718.4
Nepal,Asia,1987,17917180,52.537,775.6
Nepal,Asia,1992,20326209,55.727,897.7
Nepal,Asia,1997,23001113,59.426,1010.9
Nepal,Asia,2002,25873917,61.34,1057.2
Nepal,Asia,2007,28901790,63.785,1091.4
Netherlands,Europe,1952,10381988,72.13,8941.6
Netherlands,Europe,1957,11026383,72.99,11276.2
Netherlands,Europe,1962,11805689,73.23,12790.8
Netherlands,Europe,1967,12596822,73.82,15363.3
Netherlands,Europe,1972,13329874,73.75,18794.7
Netherlands,Europe,1977,13852989,75.24,21209.1
Netherlands,Europe,1982,14310401,76.05,21399.5
Netherlands,Europe,1987,14665278,76.83,23651.3
Netherlands,Europe,1992,15174244,77.42,26790.9
Netherlands,Europe,1997,15604464,78.03,30246.1
Netherlands,Europe,2002,16122830,78.53,33724.8
Netherlands,Europe,2007,16570613,79.762,36797.9
New Zealand,Oceania,1952,1994794,69.39,10556.6
New Zealand,Oceania,1957,2229407,70.26,12247.4
New Zealand,Oceania,1962,2488550,71.24,13175.7
New Zealand,Oceania,1967,2728150,71.52,14463.9
New Zealand,Oceania,1972,2929100,71.89,16046.0
New Zealand,Oceania,1977,3164900,72.22,16233.7
New Zealand,Oceania,1982,3210650,73.84,17632.4
New Zealand,Oceania,1987,3317166,74.32,19007.2
New Zealand,Oceania,1992,3437674,76.33,18363.3
New Zealand,Oceania,1997,3676187,77.55,21050.4
New Zealand,Oceania,2002,3908037,79.11,23189.8
New Zealand,Oceania,2007,4115771,80.204,25185.0
Nicaragua,Americas,1952,1165790,42.314,3112.4
Nicaragua,Americas,1957,1358828,45.432,3457.4
Nicaragua,Americas,1962,1590597,48.632,3634.4
Nicaragua,Americas,1967,1865490,51.884,4643.4
Nicaragua,Americas,1972,2182908,55.151,4688.6
Nicaragua,Americas,1977,2554598,57.47,5486.4
Nicaragua,Americas,1982,2979423,59.298,3470.3
Nicaragua,Americas,1987,3344353,62.008,2956.0
Nicaragua,Americas,1992,4017939,65.843,2170.2
Nicaragua,Americas,1997,4609572,68.426,2253.0
Nicaragua,Americas,2002,5146848,70.836,2474.5
Nicaragua,Americas,2007,5675356,72.899,2749.3
Niger,Africa,1952,3379468,37.444,761.9
Niger,Africa,1957,3692184,38.598,835.5
Niger,Africa,1962,4076008,39.487,997.8
Niger,Africa,1967,4534062,40.118,1054.4
Niger,Africa,1972,5060262,40.546,954.2
Niger,Africa,1977,5682086,41.291,808.9
Niger,Africa,1982,6437188,42.598,909.7
Niger,Africa,1987,7332638,44.555,668.3
Niger,Africa,1992,8392818,47.391,581.2
Niger,Africa,1997,9666252,51.313,580.3
Niger,Africa,2002,11140655,54.496,601.1
Niger,Africa,2007,12894865,56.867,619.7
Nigeria,Africa,1952,33119096,36.324,1077.3
Nigeria,Africa,1957,37173340,37.802,1100.6
Nigeria,Africa,1962,41871351,39.36,1150.9
Nigeria,Africa,1967,47287752,41.04,1014.5
Nigeria,Africa,1972,53740085,42.821,1698.4
Nigeria,Africa,1977,62209173,44.514,1982.0
Nigeria,Africa,1982,73039376,45.826,1577.0
Nigeria,Africa,1987,81551520,46.886,1385.0
Nigeria,Africa,1992,93364244,47.472,1619.8
Nigeria,Africa,1997,106207839,47.464,1624.9
Nigeria,Africa,2002,119901274,46.608,1615.3
Nigeria,Africa,2007,135031164,46.859,2014.0
Norway,Europe,1952,3327728,72.67,10095.4
Norway,Europe,1957,3491938,73.44,11654.0
Norway,Europe,1962,3638919,73.47,13450.4
Norway,Europe,1967,3786019,74.08,16361.9
Norway,Europe,1972,3933004,74.34,18965.1
Norway,Europe,1977,4043205,75.37,23311.3
Norway,Europe,1982,4114787,75.97,26298.6
Norway,Europe,1987,4186147,75.89,31541.0
Norway,Europe,1992,4286357,77.32,33965.7
Norway,Europe,1997,4405672,78.32,41283.2
Norway,Europe,2002,4535591,79.05,44684.0
Norway,Europe,2007,4627926,80.196,49357.2
Oman,Asia,1952,507833,37.578,1828.2
Oman,Asia,1957,561977,40.08,2242.7
Oman,Asia,1962,628164,43.165,2924.6
Oman,Asia,1967,714775,46.988,4720.9
Oman,Asia,1972,829050,52.143,10618.0
Oman,Asia,1977,1004533,57.367,11848.3
Oman,Asia,1982,1301048,62.728,12954.8
Oman,Asia,1987,1593882,67.734,18115.2
Oman,Asia,1992,1915208,71.197,18616.7
Oman,Asia,1997,2283635,72.499,19702.1
Oman,Asia,2002,2713462,74.193,19774.8
Oman,Asia,2007,3204897,75.64,22316.2
Pakistan,Asia,1952,41346560,43.436,684.6
Pakistan,Asia,1957,46679944,45.557,747.1
Pakistan,Asia,1962,53100671,47.67,803.3
Pakistan,Asia,1967,60641899,49.8,942.4
Pakistan,Asia,1972,69325921,51.929,1049.9
Pakistan,Asia,1977,78152686,54.043,1175.9
Pakistan,Asia,1982,91462088,56.158,1443.4
Pakistan,Asia,1987,105186881,58.245,1704.7
Pakistan,Asia,1992,120065004,60.838,1971.8
Pakistan,Asia,1997,135564834,61.818,2049.4
Pakistan,Asia,2002,153403524,63.61,2092.7
Pakistan,Asia,2007,169270617,65.483,2605.9
Panama,Americas,1952,940080,55.191,2480.4
Panama,Americas,1957,1063506,59.201,2961.8
Panama,Americas,1962,1215725,61.817,3536.5
Panama,Americas,1967,1405486,64.071,4421.0
Panama,Americas,1972,1616384,66.216,5364.2
Panama,Americas,1977,1839782,68.681,5351.9
Panama,Americas,1982,2036305,70.472,7009.6
Panama,Americas,1987,2253639,71.523,7034.8
Panama,Americas,1992,2484997,72.462,6618.7
Panama,Americas,1997,2734531,73.738,7113.7
Panama,Americas,2002,2990875,74.712,7356.0
Panama,Americas,2007,3242173,75.537,9809.2
Paraguay,Americas,1952,1555876,62.649,1952.3
Paraguay,Americas,1957,1770902,63.196,2046.2
Paraguay,Americas,1962,2009813,64.361,2148.0
Paraguay,Americas,1967,2287985,64.951,2299.4
Paraguay,Americas,1972,2614104,65.815,2523.3
Paraguay,Americas,1977,2984494,66.353,3248.4
Paraguay,Americas,1982,3366439,66.874,4258.5
Paraguay,Americas,1987,3886512,67.378,3998.9
Paraguay,Americas,1992,4483945,68.225,4196.4
Paraguay,Americas,1997,5154123,69.4,4247.4
Paraguay,Americas,2002,5884491,70.755,3783.7
Paraguay,Americas,2007,6667147,71.752,4172.8
Peru,Americas,1952,8025700,43.902,3758.5
Peru,Americas,1957,9146100,46.263,4245.3
Peru,Americas,1962,10516500,49.096,4957.0
Peru,Americas,1967,12132200,51.445,5788.1
Peru,Americas,1972,13954700,55.448,5937.8
Peru,Americas,1977,15990099,58.447,6281.3
Peru,Americas,1982,18125129,61.406,6434.5
Peru,Americas,1987,20195924,64.134,6360.9
Peru,Americas,1992,22430449,66.458,4446.4
Peru,Americas,1997,24748122,68.386,5838.3
Peru,Americas,2002,26769436,69.906,5909.0
Peru,Americas,2007,28674757,71.421,7408.9
Philippines,Asia,1952,22438691,47.752,1272.9
Philippines,Asia,1957,26072194,51.334,1547.9
Philippines,Asia,1962,30325264,54.757,1649.6
Philippines,Asia,1967,35356600,56.393,1814.1
Philippines,Asia,1972,40850141,58.065,1989.4
Philippines,Asia,1977,46850962,60.06,2373.2
Philippines,Asia,1982,53456774,62.082,2603.3
Philippines,Asia,1987,60017788,64.151,2189.6
Philippines,Asia,1992,67185766,66.458,2279.3
Philippines,Asia,1997,75012988,68.564,2536.5
Philippines,Asia,2002,82995088,70.303,2650.9
Philippines,Asia,2007,91077287,71.688,3190.5
Poland,Europe,1952,25730551,61.31,4029.3
Poland,Europe,1957,28235346,65.77,4734.3
Poland,Europe,1962,30329617,67.64,5338.8
Poland,Europe,1967,31785378,69.61,6557.2
Poland,Europe,1972,33039545,70.85,8006.5
Poland,Europe,1977,34621254,70.67,9508.1
Poland,Europe,1982,36227381,71.32,8451.5
Poland,Europe,1987,37740710,70.98,9082.4
Poland,Europe,1992,38370697,70.99,7738.9
Poland,Europe,1997,38654957,72.75,10159.6
Poland,Europe,2002,38625976,74.67,12002.2
Poland,Europe,2007,38518241,75.563,15389.9
Portugal,Europe,1952,8526050,59.82,3068.3
Portugal,Europe,1957,8817650,61.51,3774.6
Portugal,Europe,1962,9019800,64.39,4728.0
Portugal,Europe,1967,9103000,66.6,6361.5
Portugal,Europe,1972,8970450,69.26,9022.2
Portugal,Europe,1977,9662600,70.41,10172.5
Portugal,Europe,1982,9859650,72.77,11753.8
Portugal,Europe,1987,9915289,74.06,13039.3
Portugal,Europe,1992,9927680,74.86,16207.3
Portugal,Europe,1997,10156415,75.97,17641.0
Portugal,Europe,2002,10433867,77.29,19970.9
Portugal,Europe,2007,10642836,78.098,20509.6
Puerto Rico,Americas,1952,2227000,64.28,3082.0
Puerto Rico,Americas,1957,2260000,68.54,3907.2
Puerto Rico,Americas,1962,2448046,69.62,5108.3
Puerto Rico,Americas,1967,2648961,71.1,6929.3
Puerto Rico,Americas,1972,2847132,72.16,9123.0
Puerto Rico,Americas,1977,3080828,73.44,9770.5
Puerto Rico,Americas,1982,3279001,73.75,10331.0
Puerto Rico,Americas,1987,3444468,74.63,12281.3
Puerto Rico,Americas,1992,3585176,73.911,14641.6
Puerto Rico,Americas,1997,3759430,74.917,16999.4
Puerto Rico,Americas,2002,3859606,77.778,18855.6
Puerto Rico,Americas,2007,3942491,78.746,19328.7
Reunion,Africa,1952,257700,52.724,2718.9
Reunion,Africa,1957,308700,55.09,2769.5
Reunion,Africa,1962,358900,57.666,3173.7
Reunion,Africa,1967,414024,60.542,4021.2
Reunion,Africa,1972,461633,64.274,5047.7
Reunion,Africa,1977,492095,67.064,4319.8
Reunion,Africa,1982,517810,69.885,5267.2
Reunion,Africa,1987,562035,71.913,5303.4
Reunion,Africa,1992,622191,73.615,6101.3
Reunion,Africa,1997,684810,74.772,6071.9
Reunion,Africa,2002,743981,75.744,6316.2
Reunion,Africa,2007,798094,76.442,7670.1
Romania,Europe,1952,16630000,61.05,3144.6
Romania,Europe,1957,17829327,64.1,3943.4
Romania,Europe,1962,18680721,66.8,4735.0
Romania,Europe,1967,19284814,66.8,6470.9
Romania,Europe,1972,20662648,69.21,8011.4
Romania,Europe,1977,21658597,69.46,9356.4
Romania,Europe,1982,22356726,69.66,9605.3
Romania,Europe,1987,22686371,69.53,9696.3
Romania,Europe,1992,22797027,69.36,6598.4
Romania,Europe,1997,22562458,69.72,7346.5
Romania,Europe,2002,22404337,71.322,7885.4
Romania,Europe,2007,22276056,72.476,10808.5
Rwanda,Africa,1952,2534927,40.0,493.3
Rwanda,Africa,1957,2822082,41.5,540.3
Rwanda,Africa,1962,3051242,43.0,597.5
Rwanda,Africa,1967,3451079,44.1,511.0
Rwanda,Africa,1972,3992121,44.6,590.6
Rwanda,Africa,1977,4657072,45.0,670.1
Rwanda,Africa,1982,5507565,46.218,881.6
Rwanda,Africa,1987,6349365,44.02,848.0
Rwanda,Africa,1992,7290203,23.599,737.1
Rwanda,Africa,1997,7212583,36.087,589.9
Rwanda,Africa,2002,7852401,43.413,785.7
Rwanda,Africa,2007,8860588,46.242,863.1
Sao Tome and Principe,Africa,1952,60011,46.471,879.6
Sao Tome and Principe,Africa,1957,61325,48.945,860.7
Sao Tome and Principe,Africa,1962,65345,51.893,1071.6
Sao Tome and Principe,Africa,1967,70787,54.425,1384.8
Sao Tome and Principe,Africa,1972,76595,56.48,1533.0
Sao Tome and Principe,Africa,1977,86796,58.55,1737.6
Sao Tome and Principe,Africa,1982,98593,60.351,1890.2
Sao Tome and Principe,Africa,1987,110812,61.728,1516.5
Sao Tome and Principe,Africa,1992,125911,62.742,1428.8
Sao Tome and Principe,Africa,1997,145608,63.306,1339.1
Sao Tome and Principe,Africa,2002,170372,64.337,1353.1
Sao Tome and Principe,Africa,2007,199579,65.528,1598.4
Saudi Arabia,Asia,1952,4005677,39.875,6459.6
Saudi Arabia,Asia,1957,4419650,42.868,8157.6
Saudi Arabia,Asia,1962,4943029,45.914,11626.4
Saudi Arabia,Asia,1967,5618198,49.901,16903.0
Saudi Arabia,Asia,1972,6472756,53.886,24837.4
Saudi Arabia,Asia,1977,8128505,58.69,34167.8
Saudi Arabia,Asia,1982,11254672,63.012,33693.2
Saudi Arabia,Asia,1987,14619745,66.295,21198.3
Saudi Arabia,Asia,1992,16945857,68.768,24841.6
Saudi Arabia,Asia,1997,21229759,70.533,20586.7
Saudi Arabia,Asia,2002,24501530,71.626,19014.5
Saudi Arabia,Asia,2007,27601038,72.777,21654.8
Senegal,Africa,1952,2755589,37.278,1450.4
Senegal,Africa,1957,3054547,39.329,1567.7
Senegal,Africa,1962,3430243,41.454,1655.0
Senegal,Africa,1967,3965841,43.563,1612.4
Senegal,Africa,1972,4588696,45.815,1597.7
Senegal,Africa,1977,5260855,48.879,1561.8
Senegal,Africa,1982,6147783,52.379,1518.5
Senegal,Africa,1987,7171347,55.769,1441.7
Senegal,Africa,1992,8307920,58.196,1367.9
Senegal,Africa,1997,9535314,60.187,1392.4
Senegal,Africa,2002,10870037,61.6,1519.6
Senegal,Africa,2007,12267493,63.062,1712.5
Serbia,Europe,1952,6860147,57.996,3581.5
Serbia,Europe,1957,7271135,61.685,4981.1
Serbia,Europe,1962,7616060,64.531,6289.6
Serbia,Europe,1967,7971222,66.914,7991.7
Serbia,Europe,1972,8313288,68.7,10522.1
Serbia,Europe,1977,8686367,70.3,12980.7
Serbia,Europe,1982,9032824,70.162,15181.1
Serbia,Europe,1987,9230783,71.218,15870.9
Serbia,Europe,1992,9826397,71.659,9325.1
Serbia,Europe,1997,10336594,72.232,7914.3
Serbia,Europe,2002,10111559,73.213,7236.1
Serbia,Europe,2007,10150265,74.002,9786.5
Sierra Leone,Africa,1952,2143249,30.331,879.8
Sierra Leone,Africa,1957,2295678,31.57,1004.5
Sierra Leone,Africa,1962,2467895,32.767,1116.6
Sierra Leone,Africa,1967,2662190,34.113,1206.0
Sierra Leone,Africa,1972,2879013,35.4,1353.8
Sierra Leone,Africa,1977,3140897,36.788,1348.3
Sierra Leone,Africa,1982,3464522,38.445,1465.0
Sierra Leone,Africa,1987,3868905,40.006,1294.4
Sierra Leone,Africa,1992,4260884,38.333,1068.7
Sierra Leone,Africa,1997,4578212,39.897,574.6
Sierra Leone,Africa,2002,5359092,41.012,699.5
Sierra Leone,Africa,2007,6144562,42.568,862.5
Singapore,Asia,1952,1127000,60.396,2315.1
Singapore,Asia,1957,1445929,63.179,2843.1
Singapore,Asia,1962,1750200,65.798,3674.7
Singapore,Asia,1967,1977600,67.946,4977.4
Singapore,Asia,1972,2152400,69.521,8597.8
Singapore,Asia,1977,2325300,70.795,11210.1
Singapore,Asia,1982,2651869,71.76,15169.2
Singapore,Asia,1987,2794552,73.56,18861.5
Singapore,Asia,1992,3235865,75.788,24769.9
Singapore,Asia,1997,3802309,77.158,33519.5
Singapore,Asia,2002,4197776,78.77,36023.1
Singapore,Asia,2007,4553009,79.972,47143.2
Slovak Republic,Europe,1952,3558137,64.36,5074.7
Slovak Republic,Europe,1957,3844277,67.45,6093.3
Slovak Republic,Europe,1962,4237384,70.33,7481.1
Slovak Republic,Europe,1967,4442238,70.98,8412.9
Slovak Republic,Europe,1972,4593433,70.35,9674.2
Slovak Republic,Europe,1977,4827803,70.45,10922.7
Slovak Republic,Europe,1982,5048043,70.8,11348.5
Slovak Republic,Europe,1987,5199318,71.08,12037.3
Slovak Republic,Europe,1992,5302888,71.38,9498.5
Slovak Republic,Europe,1997,5383010,72.71,12126.2
Slovak Republic,Europe,2002,5410052,73.8,13638.8
Slovak Republic,Europe,2007,5447502,74.663,18678.3
Slovenia,Europe,1952,1489518,65.57,4215.0
Slovenia,Europe,1957,1533070,67.85,5862.3
Slovenia,Europe,1962,1582962,69.15,7402.3
Slovenia,Europe,1967,1646912,69.18,9405.5
Slovenia,Europe,1972,1694510,69.82,12383.5
Slovenia,Europe,1977,1746919,70.97,15277.0
Slovenia,Europe,1982,1861252,71.063,17866.7
Slovenia,Europe,1987,1945870,72.25,18678.5
Slovenia,Europe,1992,1999210,73.64,14214.7
Slovenia,Europe,1997,2011612,75.13,17161.1
Slovenia,Europe,2002,2011497,76.66,20660.0
Slovenia,Europe,2007,2009245,77.926,25768.3
Somalia,Africa,1952,2526994,32.978,1135.7
Somalia,Africa,1957,2780415,34.977,1258.1
Somalia,Africa,1962,3080153,36.981,1369.5
Somalia,Africa,1967,3428839,38.977,1284.7
Somalia,Africa,1972,3840161,40.973,1254.6
Somalia,Africa,1977,4353666,41.974,1451.0
Somalia,Africa,1982,5828892,42.955,1176.8
Somalia,Africa,1987,6921858,44.501,1093.2
Somalia,Africa,1992,6099799,39.658,927.0
Somalia,Africa,1997,6633514,43.795,930.6
Somalia,Africa,2002,7753310,45.936,882.1
Somalia,Africa,2007,9118773,48.159,926.1
South Africa,Africa,1952,14264935,45.009,4725.3
South Africa,Africa,1957,16151549,47.985,5487.1
South Africa,Africa,1962,18356657,49.951,5768.7
South Africa,Africa,1967,20997321,51.927,7114.5
South Africa,Africa,1972,23935810,53.696,7766.0
South Africa,Africa,1977,27129932,55.527,8028.7
South Africa,Africa,1982,31140029,58.161,8568.3
South Africa,Africa,1987,35933379,60.834,7825.8
South Africa,Africa,1992,39964159,61.888,7225.1
South Africa,Africa,1997,42835005,60.236,7479.2
South Africa,Africa,2002,44433622,53.365,7710.9
South Africa,Africa,2007,43997828,49.339,9269.7
Spain,Europe,1952,28549870,64.94,3834.0
Spain,Europe,1957,29841614,66.66,4564.8
Spain,Europe,1962,31158061,69.69,5693.8
Spain,Europe,1967,32850275,71.44,7993.5
Spain,Europe,1972,34513161,73.06,10638.8
Spain,Europe,1977,36439000,74.39,13236.9
Spain,Europe,1982,37983310,76.3,13926.2
Spain,Europe,1987,38880702,76.9,15765.0
Spain,Europe,1992,39549438,77.57,18603.1
Spain,Europe,1997,39855442,78.77,20445.3
Spain,Europe,2002,40152517,79.78,24835.5
Spain,Europe,2007,40448191,80.941,28821.1
Sri Lanka,Asia,1952,7982342,57.593,1083.5
Sri Lanka,Asia,1957,9128546,61.456,1072.5
Sri Lanka,Asia,1962,10421936,62.192,1074.5
Sri Lanka,Asia,1967,11737396,64.266,1135.5
Sri Lanka,Asia,1972,13016733,65.042,1213.4
Sri Lanka,Asia,1977,14116836,65.949,1348.8
Sri Lanka,Asia,1982,15410151,68.757,1648.1
Sri Lanka,Asia,1987,16495304,69.011,1876.8
Sri Lanka,Asia,1992,17587060,70.379,2153.7
Sri Lanka,Asia,1997,18698655,70.457,2664.5
Sri Lanka,Asia,2002,19576783,70.815,3015.4
Sri Lanka,Asia,2007,20378239,72.396,3970.1
Sudan,Africa,1952,8504667,38.635,1616.0
Sudan,Africa,1957,9753392,39.624,1770.3
Sudan,Africa,1962,11183227,40.87,1959.6
Sudan,Africa,1967,12716129,42.858,1688.0
Sudan,Africa,1972,14597019,45.083,1659.7
Sudan,Africa,1977,17104986,47.8,2203.0
Sudan,Africa,1982,20367053,50.338,1895.5
Sudan,Africa,1987,24725960,51.744,1507.8
Sudan,Africa,1992,28227588,53.556,1492.2
Sudan,Africa,1997,32160729,55.373,1632.2
Sudan,Africa,2002,37090298,56.369,1993.4
Sudan,Africa,2007,42292929,58.556,2602.4
Swaziland,Africa,1952,290243,41.407,1148.4
Swaziland,Africa,1957,326741,43.424,1244.7
Swaziland,Africa,1962,370006,44.992,1856.2
Swaziland,Africa,1967,420690,46.633,2613.1
Swaziland,Africa,1972,480105,49.552,3364.8
Swaziland,Africa,1977,551425,52.537,3781.4
Swaziland,Africa,1982,649901,55.561,3895.4
Swaziland,Africa,1987,779348,57.678,3984.8
Swaziland,Africa,1992,962344,58.474,3553.0
Swaziland,Africa,1997,1054486,54.289,3876.8
Swaziland,Africa,2002,1130269,43.869,4128.1
Swaziland,Africa,2007,1133066,39.613,4513.5
Sweden,Europe,1952,7124673,71.86,8527.8
Sweden,Europe,1957,7363802,72.49,9911.9
Sweden,Europe,1962,7561588,73.37,12329.4
Sweden,Europe,1967,7867931,74.16,15258.3
Sweden,Europe,1972,8122293,74.72,17832.0
Sweden,Europe,1977,8251648,75.44,18855.7
Sweden,Europe,1982,8325260,76.42,20667.4
Sweden,Europe,1987,8421403,77.19,23586.9
Sweden,Europe,1992,8718867,78.16,23880.0
Sweden,Europe,1997,8897619,79.39,25266.6
Sweden,Europe,2002,8954175,80.04,29341.6
Sweden,Europe,2007,9031088,80.884,33859.7
Switzerland,Europe,1952,4815000,69.62,14734.2
Switzerland,Europe,1957,5126000,70.56,17909.5
Switzerland,Europe,1962,5666000,71.32,20431.1
Switzerland,Europe,1967,6063000,72.77,22966.1
Switzerland,Europe,1972,6401400,73.78,27195.1
Switzerland,Europe,1977,6316424,75.39,26982.3
Switzerland,Europe,1982,6468126,76.21,28397.7
Switzerland,Europe,1987,6649942,77.41,30281.7
Switzerland,Europe,1992,6995447,78.03,31871.5
Switzerland,Europe,1997,7193761,79.37,32135.3
Switzerland,Europe,2002,7361757,80.62,34481.0
Switzerland,Europe,2007,7554661,81.701,37506.4
Syria,Asia,1952,3661549,45.883,1643.5
Syria,Asia,1957,4149908,48.284,2117.2
Syria,Asia,1962,4834621,50.305,2193.0
Syria,Asia,1967,5680812,53.655,1881.9
Syria,Asia,1972,6701172,57.296,2571.4
Syria,Asia,1977,7932503,61.195,3195.5
Syria,Asia,1982,9410494,64.59,3761.8
Syria,Asia,1987,11242847,66.974,3116.8
Syria,Asia,1992,13219062,69.249,3340.5
Syria,Asia,1997,15081016,71.527,4014.2
Syria,Asia,2002,17155814,73.053,4090.9
Syria,Asia,2007,19314747,74.143,4184.5
Taiwan,Asia,1952,8550362,58.5,1206.9
Taiwan,Asia,1957,10164215,62.4,1507.9
Taiwan,Asia,1962,11918938,65.2,1822.9
Taiwan,Asia,1967,13648692,67.5,2643.9
Taiwan,Asia,1972,15226039,69.39,4062.5
Taiwan,Asia,1977,16785196,70.59,5596.5
Taiwan,Asia,1982,18501390,72.16,7426.4
Taiwan,Asia,1987,19757799,73.4,11054.6
Taiwan,Asia,1992,20686918,74.26,15215.7
Taiwan,Asia,1997,21628605,75.25,20206.8
Taiwan,Asia,2002,22454239,76.99,23235.4
Taiwan,Asia,2007,23174294,78.4,28718.3
Tanzania,Africa,1952,8322925,41.215,716.7
Tanzania,Africa,1957,9452826,42.974,698.5
Tanzania,Africa,1962,10863958,44.246,722.0
Tanzania,Africa,1967,12607312,45.757,848.2
Tanzania,Africa,1972,14706593,47.62,916.0
Tanzania,Africa,1977,17129565,49.919,962.5
Tanzania,Africa,1982,19844382,50.608,874.2
Tanzania,Africa,1987,23040630,51.535,831.8
Tanzania,Africa,1992,26605473,50.44,825.7
Tanzania,Africa,1997,30686889,48.466,789.2
Tanzania,Africa,2002,34593779,49.651,899.1
Tanzania,Africa,2007,38139640,52.517,1107.5
Thailand,Asia,1952,21289402,50.848,757.8
Thailand,Asia,1957,25041917,53.63,793.6
Thailand,Asia,1962,29263397,56.061,1002.2
Thailand,Asia,1967,34024249,58.285,1295.5
Thailand,Asia,1972,39276153,60.405,1524.4
Thailand,Asia,1977,44148285,62.494,1961.2
Thailand,Asia,1982,48827160,64.597,2393.2
Thailand,Asia,1987,52910342,66.084,2982.7
Thailand,Asia,1992,56667095,67.298,4616.9
Thailand,Asia,1997,60216677,67.521,5852.6
Thailand,Asia,2002,62806748,68.564,5913.2
Thailand,Asia,2007,65068149,70.616,7458.4
Togo,Africa,1952,1219113,38.596,859.8
Togo,Africa,1957,1357445,41.208,925.9
Togo,Africa,1962,1528098,43.922,1067.5
Togo,Africa,1967,1735550,46.769,1477.6
Togo,Africa,1972,2056351,49.759,1649.7
Togo,Africa,1977,2308582,52.887,1532.8
Togo,Africa,1982,2644765,55.471,1344.6
Togo,Africa,1987,3154264,56.941,1202.2
Togo,Africa,1992,3747553,58.061,1034.3
Togo,Africa,1997,4320890,58.39,982.3
Togo,Africa,2002,4977378,57.561,886.2
Togo,Africa,2007,5701579,58.42,883.0
Trinidad and Tobago,Americas,1952,662850,59.1,3023.3
Trinidad and Tobago,Americas,1957,764900,61.8,4100.4
Trinidad and Tobago,Americas,1962,887498,64.9,4997.5
Trinidad and Tobago,Americas,1967,960155,65.4,5621.4
Trinidad and Tobago,Americas,1972,975199,65.9,6619.6
Trinidad and Tobago,Americas,1977,1039009,68.3,7899.6
Trinidad and Tobago,Americas,1982,1116479,68.832,9119.5
Trinidad and Tobago,Americas,1987,1191336,69.582,7388.6
Trinidad and Tobago,Americas,1992,1183669,69.862,7371.0
Trinidad and Tobago,Americas,1997,1138101,69.465,8792.6
Trinidad and Tobago,Americas,2002,1101832,68.976,11460.6
Trinidad and Tobago,Americas,2007,1056608,69.819,18008.5
Tunisia,Africa,1952,3647735,44.6,1468.5
Tunisia,Africa,1957,3950849,47.1,1395.2
Tunisia,Africa,1962,4286552,49.579,1660.3
Tunisia,Africa,1967,4786986,52.053,1932.4
Tunisia,Africa,1972,5303507,55.602,2753.3
Tunisia,Africa,1977,6005061,59.837,3120.9
Tunisia,Africa,1982,6734098,64.048,3560.2
Tunisia,Africa,1987,7724976,66.894,3810.4
Tunisia,Africa,1992,8523077,70.001,4332.7
Tunisia,Africa,1997,9231669,71.973,4876.8
Tunisia,Africa,2002,9770575,73.042,5722.9
Tunisia,Africa,2007,10276158,73.923,7092.9
Turkey,Europe,1952,22235677,43.585,1969.1
Turkey,Europe,1957,25670939,48.079,2218.8
Turkey,Europe,1962,29788695,52.098,2322.9
Turkey,Europe,1967,33411317,54.336,2826.4
Turkey,Europe,1972,37492953,57.005,3450.7
Turkey,Europe,1977,42404033,59.507,4269.1
Turkey,Europe,1982,47328791,61.036,4241.4
Turkey,Europe,1987,52881328,63.108,5089.0
Turkey,Europe,1992,58179144,66.146,5678.3
Turkey,Europe,1997,63047647,68.835,6601.4
Turkey,Europe,2002,67308928,70.845,6508.1
Turkey,Europe,2007,71158647,71.777,8458.3
Uganda,Africa,1952,5824797,39.978,734.8
Uganda,Africa,1957,6675501,42.571,774.4
Uganda,Africa,1962,7688797,45.344,767.3
Uganda,Africa,1967,8900294,48.051,908.9
Uganda,Africa,1972,10190285,51.016,950.7
Uganda,Africa,1977,11457758,50.35,843.7
Uganda,Africa,1982,12939400,49.849,682.3
Uganda,Africa,1987,15283050,51.509,617.7
Uganda,Africa,1992,18252190,48.825,644.2
Uganda,Africa,1997,21210254,44.578,816.6
Uganda,Africa,2002,24739869,47.813,927.7
Uganda,Africa,2007,29170398,51.542,1056.4
United Kingdom,Europe,1952,50430000,69.18,9979.5
United Kingdom,Europe,1957,51430000,70.42,11283.2
United Kingdom,Europe,1962,53292000,70.76,12477.2
United Kingdom,Europe,1967,54959000,71.36,14142.9
United Kingdom,Europe,1972,56079000,72.01,15895.1
United Kingdom,Europe,1977,56179000,72.76,17428.7
United Kingdom,Europe,1982,56339704,74.04,18232.4
United Kingdom,Europe,1987,56981620,75.007,21664.8
United Kingdom,Europe,1992,57866349,76.42,22705.1
United Kingdom,Europe,1997,58808266,77.218,26074.5
United Kingdom,Europe,2002,59912431,78.471,29479.0
United Kingdom,Europe,2007,60776238,79.425,33203.3
United States,Americas,1952,157553000,68.44,13990.5
United States,Americas,1957,171984000,69.49,14847.1
United States,Americas,1962,186538000,70.21,16173.1
United States,Americas,1967,198712000,70.76,19530.4
United States,Americas,1972,209896000,71.34,21806.0
United States,Americas,1977,220239000,73.38,24072.6
United States,Americas,1982,232187835,74.65,25009.6
United States,Americas,1987,242803533,75.02,29884.4
United States,Americas,1992,256894189,76.09,32003.9
United States,Americas,1997,272911760,76.81,35767.4
United States,Americas,2002,287675526,77.31,39097.1
United States,Americas,2007,301139947,78.242,42951.7
Uruguay,Americas,1952,2252965,66.071,5716.8
Uruguay,Americas,1957,2424959,67.044,6150.8
Uruguay,Americas,1962,2598466,68.253,5603.4
Uruguay,Americas,1967,2748579,68.468,5444.6
Uruguay,Americas,1972,2829526,68.673,5703.4
Uruguay,Americas,1977,2873520,69.481,6504.3
Uruguay,Americas,1982,2953997,70.805,6920.2
Uruguay,Americas,1987,3045153,71.918,7452.4
Uruguay,Americas,1992,3149262,72.752,8137.0
Uruguay,Americas,1997,3262838,74.223,9230.2
Uruguay,Americas,2002,3363085,75.307,7727.0
Uruguay,Americas,2007,3447496,76.384,10611.5
Venezuela,Americas,1952,5439568,55.088,7689.8
Venezuela,Americas,1957,6702668,57.907,9802.5
Venezuela,Americas,1962,8143375,60.77,8423.0
Venezuela,Americas,1967,9709552,63.479,9541.5
Venezuela,Americas,1972,11515649,65.712,10505.3
Venezuela,Americas,1977,13503563,67.456,13144.0
Venezuela,Americas,1982,15620766,68.557,11152.4
Venezuela,Americas,1987,17910182,70.19,9883.6
Venezuela,Americas,1992,20265563,71.15,10733.9
Venezuela,Americas,1997,22374398,72.146,10165.5
Venezuela,Americas,2002,24287670,72.766,8605.0
Venezuela,Americas,2007,26084662,73.747,11415.8
Vietnam,Asia,1952,26246839,40.412,605.1
Vietnam,Asia,1957,28998543,42.887,676.3
Vietnam,Asia,1962,33796140,45.363,772.0
Vietnam,Asia,1967,39463910,47.838,637.1
Vietnam,Asia,1972,44655014,50.254,699.5
Vietnam,Asia,1977,50533506,55.764,713.5
Vietnam,Asia,1982,56142181,58.816,707.2
Vietnam,Asia,1987,62826491,62.82,820.8
Vietnam,Asia,1992,69940728,67.662,989.0
Vietnam,Asia,1997,76048996,70.672,1385.9
Vietnam,Asia,2002,80908147,73.017,1764.5
Vietnam,Asia,2007,85262356,74.249,2441.6
West Bank and Gaza,Asia,1952,1030585,43.16,1515.6
West Bank and Gaza,Asia,1957,1070439,45.671,1827.1
West Bank and Gaza,Asia,1962,1133134,48.127,2199.0
West Bank and Gaza,Asia,1967,1142636,51.631,2649.7
West Bank and Gaza,Asia,1972,1089572,56.532,3133.4
West Bank and Gaza,Asia,1977,1261091,60.765,3682.8
West Bank and Gaza,Asia,1982,1425876,64.406,4336.0
West Bank and Gaza,Asia,1987,1691210,67.046,5107.2
West Bank and Gaza,Asia,1992,2104779,69.718,6017.7
West Bank and Gaza,Asia,1997,2826046,71.096,7110.7
West Bank and Gaza,Asia,2002,3389578,72.37,4515.5
West Bank and Gaza,Asia,2007,4018332,73.422,3025.3
"Yemen, Rep.",Asia,1952,4963829,32.548,781.7
"Yemen, Rep.",Asia,1957,5498090,33.97,804.8
"Yemen, Rep.",Asia,1962,6120081,35.18,825.6
"Yemen, Rep.",Asia,1967,6740785,36.984,862.4
"Yemen, Rep.",Asia,1972,7407075,39.848,1265.0
"Yemen, Rep.",Asia,1977,8403990,44.175,1829.8
"Yemen, Rep.",Asia,1982,9657618,49.113,1977.6
"Yemen, Rep.",Asia,1987,11219340,52.922,1971.7
"Yemen, Rep.",Asia,1992,13367997,55.599,1879.5
"Yemen, Rep.",Asia,1997,15826497,58.02,2117.5
"Yemen, Rep.",Asia,2002,18701257,60.308,2234.8
"Yemen, Rep.",Asia,2007,22211743,62.698,2280.8
Zambia,Africa,1952,2672000,42.038,1147.4
Zambia,Africa,1957,3016000,44.077,1312.0
Zambia,Africa,1962,3421000,46.023,1452.7
Zambia,Africa,1967,3900000,47.768,1777.1
Zambia,Africa,1972,4506497,50.107,1773.5
Zambia,Africa,1977,5216550,51.386,1588.7
Zambia,Africa,1982,6100407,51.821,1408.7
Zambia,Africa,1987,7272406,50.821,1213.3
Zambia,Africa,1992,8381163,46.1,1210.9
Zambia,Africa,1997,9417789,40.238,1071.4
Zambia,Africa,2002,10595811,39.193,1071.6
Zambia,Africa,2007,11746035,42.384,1271.2
Zimbabwe,Africa,1952,3080907,48.451,406.9
Zimbabwe,Africa,1957,3646340,50.469,518.8
Zimbabwe,Africa,1962,4277736,52.358,527.3
Zimbabwe,Africa,1967,4995432,53.995,569.8
Zimbabwe,Africa,1972,5861135,55.635,799.4
Zimbabwe,Africa,1977,6642107,57.674,685.6
Zimbabwe,Africa,1982,7636524,60.363,788.9
Zimbabwe,Africa,1987,9216418,62.351,706.2
Zimbabwe,Africa,1992,10704340,60.377,693.4
Zimbabwe,Africa,1997,11404948,46.809,792.4
Zimbabwe,Africa,2002,11926563,39.989,672.0
Zimbabwe,Africa,2007,12311143,43.487,469.7
